Name,Website,Address,City,State,Phone,Category
Talking Stick Resort,talkingstickresort.com,"9800 E Talking Stick Way",Scottsdale,AZ,(480) 850-7777,Casino
Casino Del Sol,casinodelsol.com,"5655 W Valencia Rd",Tucson,AZ,(855) 765-7829,Casino
Hon-Dah Casino,hon-dah.com,"777 AZ-260",Pinetop,AZ,(928) 369-0299,Casino
Saracen Casino Resort,saracenresort.com,"1 Saracen Resort Dr",Pine Bluff,AR,(870) 686-9001,Casino
Commerce Casino,commercecasino.com,"6131 Telegraph Rd",Commerce,CA,(323) 721-2100,Casino
The Bicycle Hotel & Casino,thebike.com,"888 Bicycle Casino Dr",Bell Gardens,CA,(562) 806-4646,Casino
The Gardens Casino,thegardenscasino.com,"11871 Carson St",Hawaiian Gardens,CA,(562) 860-5887,Casino
Hustler Casino,hustlercasino.com,"1000 W Redondo Beach Blvd",Gardena,CA,(310) 719-9800,Casino
Hollywood Park Casino,playhpc.com,"3883 W Century Blvd",Inglewood,CA,(310) 330-2800,Casino
Crystal Casino,thecrystalcasino.com,"123 E Artesia Blvd",Compton,CA,(310) 631-3838,Casino
Bay 101 Casino,bay101.com,"1788 N First St",San Jose,CA,(408) 451-8888,Casino
Casino M8trix,casinom8trix.com,"1887 Matrix Blvd",San Jose,CA,(408) 244-3333,Casino
Thunder Valley Casino Resort,thundervalleyresort.com,"1200 Athens Ave",Lincoln,CA,(916) 408-7777,Casino
Graton Resort & Casino,gratonresortcasino.com,"288 Golf Course Dr W",Rohnert Park,CA,(707) 588-7100,Casino
Pechanga Resort Casino,pechanga.com,"45000 Pechanga Pkwy",Temecula,CA,(877) 711-2946,Casino
Morongo Casino Resort,morongocasinoresort.com,"49500 Seminole Dr",Cabazon,CA,(951) 849-3080,Casino
Jamul Casino,jamulcasinosd.com,"14145 Campo Rd",Jamul,CA,(619) 315-2250,Casino
Seven Mile Casino,sevenmilecasino.com,"285 Bay Blvd",Chula Vista,CA,(619) 425-3333,Casino
Sycuan Casino Resort,sycuan.com,"5469 Casino Way",El Cajon,CA,(619) 445-6002,Casino
Ocean's Eleven Casino,oceans11.com,"121 Brooks St",Oceanside,CA,(760) 439-6988,Casino
Capitol Casino,capitol-casino.com,"411 N 16th St",Sacramento,CA,(916) 446-0700,Casino
Parkwest Casino Cordova,parkwestcasinos.com,"2801 Prospect Park Dr",Rancho Cordova,CA,(916) 361-9186,Casino
Parkwest Casino Lotus,parkwestcasinos.com,"6010 Stockton Blvd",Sacramento,CA,(916) 399-4929,Casino
Red Hawk Casino,redhawkcasino.com,"1 Red Hawk Pkwy",Placerville,CA,(530) 677-7000,Casino
Artichoke Joe's Casino,artichokejoes.com,"659 Huntington Ave",San Bruno,CA,(650) 589-3147,Casino
Lucky Chances Casino,luckychances.com,"1700 Hillside Blvd",Colma,CA,(650) 758-2237,Casino
California Grand Casino,calgrandcasino.com,"5988 Pacheco Blvd",Pacheco,CA,(925) 685-8397,Casino
Livermore Casino,livermorecasino.net,"3571 First St",Livermore,CA,(925) 447-1702,Casino
Parkwest Casino 580,parkwestcasinos.com,"968 N Canyons Pkwy",Livermore,CA,(925) 455-6144,Casino
Napa Valley Casino,napavalleycasino.com,"3466 Broadway",American Canyon,CA,(707) 226-1508,Casino
Parkwest Casino Sonoma,parkwestcasinos.com,"5151 Montero Way",Petaluma,CA,(707) 795-6121,Casino
Bankers Casino,bankerscasino.net,"111 Monterey St",Salinas,CA,(831) 422-6666,Casino
Garlic City Casino,garliccitycasino.com,"8630 San Ysidro Ave",Gilroy,CA,(408) 847-1606,Casino
Central Coast Casino,slopoker.com,"1002 Ramona Ave",Grover Beach,CA,(805) 474-8500,Casino
Paso Robles Casino,pasoroblescasino.com,"1144 Black Oak Dr",Paso Robles,CA,(805) 226-0500,Casino
Player's Casino,pcventura.com,"6580 Auto Center Dr",Ventura,CA,(805) 643-1392,Casino
Chumash Casino Resort,chumashcasino.com,"3400 E Hwy 246",Santa Ynez,CA,(800) 248-6274,Casino
Golden West Casino,goldenwestcasino.net,"1001 S Union Ave",Bakersfield,CA,(661) 324-6936,Casino
The Aviator Casino,theaviatorcasino.com,"1225 Airport Dr",Delano,CA,(661) 721-7770,Casino
500 Club Casino,500clubcasino.com,"771 W Shaw Ave",Clovis,CA,(559) 299-9951,Casino
Club One Casino,clubonecasino.com,"3950 N Cedar Ave",Fresno,CA,(559) 497-3000,Casino
Table Mountain Casino,tmcasino.com,"8184 Table Mountain Rd",Friant,CA,(559) 822-7777,Casino
Parkwest Casino Lodi,parkwestcasinos.com,"1800 S Cherokee Ln",Lodi,CA,(209) 334-9777,Casino
Casino 99,casino99chico.com,"175 E 20th St",Chico,CA,(530) 891-1000,Casino
Towers Casino,towerscasino.com,"115 Bank St",Grass Valley,CA,(530) 273-4100,Casino
Win-River Resort,winriver.com,"2100 Redding Rancheria Rd",Redding,CA,(530) 243-3377,Casino
Elk Valley Casino,elkvalleycasino.com,"2500 Howland Hill Rd",Crescent City,CA,(707) 464-1020,Casino
Bear River Casino,bearrivercasino.com,"11 Bear Paws Way",Loleta,CA,(707) 733-9644,Casino
Blue Lake Casino,bluelakecasino.com,"777 Casino Way",Blue Lake,CA,(707) 668-9770,Casino
Rain Rock Casino,rainrockcasino.com,"777 Casino Way",Yreka,CA,(530) 777-7246,Casino
Pala Casino Spa Resort,palacasino.com,"11154 CA-76",Pala,CA,(877) 946-7252,Casino
Lake Elsinore Casino,lercasino.com,"20930 Malaga Rd",Lake Elsinore,CA,(951) 674-3101,Casino
Barona Resort & Casino,barona.com,"1932 Wildcat Canyon Rd",Lakeside,CA,(619) 443-2300,Casino
Casino Chico,casinochico.com,"725 Manzanita Ct",Chico,CA,(530) 343-2232,Casino
Palace Poker Casino,palacepokercasino.com,"22821 Mission Blvd",Hayward,CA,(510) 582-1166,Casino
Casino Club,casinoclubredding.com,"1885 Hilltop Dr",Redding,CA,(530) 221-5015,Casino
Monarch Casino Resort,monarchblackhawk.com,"488 Main St",Black Hawk,CO,(303) 582-1000,Casino
Bally's Black Hawk,casinos.ballys.com,"300 Main St",Black Hawk,CO,(303) 582-1117,Casino
Horseshoe Black Hawk,caesars.com,"401 Main St",Black Hawk,CO,(303) 582-1650,Casino
Foxwoods Resort Casino,foxwoods.com,"350 Trolley Line Blvd",Ledyard,CT,(800) 369-9663,Casino
Delaware Park Casino,delawarepark.com,"777 Delaware Park Blvd",Wilmington,DE,(800) 417-5353,Casino
Bally's Dover,casinos.ballys.com,"1131 N DuPont Hwy",Dover,DE,(302) 674-4600,Casino
Seminole Hard Rock Hollywood,seminolehardrockhollywood.com,"1 Seminole Way",Hollywood,FL,(866) 502-7529,Casino
Seminole Hard Rock Tampa,seminolehardrocktampa.com,"5223 Orient Rd",Tampa,FL,(866) 388-4263,Casino
Harrah's Pompano Beach,caesars.com,"777 Isle of Capri Cir",Pompano Beach,FL,(954) 972-2000,Casino
Magic City Casino,magiccitycasino.com,"450 NW 37th Ave",Miami,FL,(305) 649-3000,Casino
Hialeah Park Casino,hialeahparkcasino.com,"100 E 32nd St",Hialeah,FL,(305) 885-8000,Casino
Casino Miami,playcasinomiami.com,"3500 NW 37th Ave",Miami,FL,(305) 633-6400,Casino
The Big Easy Casino,thebigeasycasino.com,"831 N Federal Hwy",Hallandale Beach,FL,(954) 924-3200,Casino
Rivers Casino Des Plaines,riverscasino.com,"3000 S River Rd",Des Plaines,IL,(888) 307-0777,Casino
Grand Victoria Casino,caesars.com,"250 S Grove Ave",Elgin,IL,(847) 468-7000,Casino
Hollywood Casino Aurora,hollywoodcasinoaurora.com,"1 W New York St",Aurora,IL,(630) 801-1234,Casino
Bally's Quad Cities,casinos.ballys.com,"777 Bally Blvd",Rock Island,IL,(309) 756-4600,Casino
Horseshoe Hammond,caesars.com,"777 Casino Center Dr",Hammond,IN,(219) 473-7000,Casino
Hard Rock Northern Indiana,hardrockcasinonorthernindiana.com,"5400 W 29th Ave",Gary,IN,(219) 228-2383,Casino
Caesars Southern Indiana,caesars.com,"11999 Casino Center Dr",Elizabeth,IN,(866) 676-7463,Casino
Horseshoe Indianapolis,caesars.com,"4300 N Michigan Rd",Shelbyville,IN,(877) 386-4463,Casino
Bally's Evansville,casinos.ballys.com,"421 NW Riverside Dr",Evansville,IN,(812) 433-4000,Casino
Horseshoe Council Bluffs,caesars.com,"2701 23rd Ave",Council Bluffs,IA,(712) 323-2500,Casino
Riverside Casino,riversidecasinoandresort.com,"3184 IA-22",Riverside,IA,(319) 648-1234,Casino
Grand Falls Casino,grandfallscasinoresort.com,"1415 Grand Falls Blvd",Larchwood,IA,(712) 777-7777,Casino
Diamond Jo Casino,diamondjo.com,"777 Diamond Jo Ln",Northwood,IA,(641) 323-7777,Casino
Q Casino,qcasinoandhotel.com,"1855 Greyhound Park Rd",Dubuque,IA,(563) 582-3647,Casino
Hollywood Casino KS Speedway,hollywoodcasinokansas.com,"777 Hollywood Casino Blvd",Kansas City,KS,(913) 288-9300,Casino
Kansas Star Casino,kansasstarcasino.com,"777 Kansas Star Dr",Mulvane,KS,(316) 719-5000,Casino
Prairie Band Casino,prairieband.com,"12305 150th Rd",Mayetta,KS,(785) 966-7777,Casino
Boot Hill Casino,boothillcasino.com,"4000 W Comanche St",Dodge City,KS,(620) 227-2244,Casino
Caesars New Orleans,caesars.com,"8 Canal St",New Orleans,LA,(800) 427-7247,Casino
Horseshoe Bossier City,caesars.com,"711 Horseshoe Blvd",Bossier City,LA,(800) 895-0711,Casino
Coushatta Casino Resort,coushattacasinoresort.com,"777 Coushatta Dr",Kinder,LA,(800) 584-7263,Casino
Bally's Shreveport,casinos.ballys.com,"451 Clyde Fant Pkwy",Shreveport,LA,(877) 602-0711,Casino
Paragon Casino Resort,paragoncasinoresort.com,"711 Paragon Pl",Marksville,LA,(800) 946-1946,Casino
Hollywood Casino Bangor,hollywoodcasinobangor.com,"500 Main St",Bangor,ME,(877) 779-7771,Casino
MGM National Harbor,mgmnationalharbor.com,"101 MGM National Ave",Oxon Hill,MD,(301) 971-5000,Casino
Live! Casino & Hotel,maryland.livecasinohotel.com,"7002 Arundel Mills Cir",Hanover,MD,(443) 842-7000,Casino
Horseshoe Baltimore,caesars.com,"1525 Russell St",Baltimore,MD,(844) 777-7463,Casino
Hollywood Casino Perryville,hollywoodcasinoperryville.com,"1201 Chesapeake Overlook",Perryville,MD,(410) 378-8500,Casino
MGM Springfield,mgmspringfield.com,"1 MGM Way",Springfield,MA,(413) 273-5000,Casino
MGM Grand Detroit,mgmgranddetroit.com,"1777 3rd Ave",Detroit,MI,(877) 888-2121,Casino
MotorCity Casino Hotel,motorcitycasino.com,"2901 Grand River Ave",Detroit,MI,(866) 782-9622,Casino
Hollywood Casino Greektown,hollywoodgreektown.com,"555 E Lafayette St",Detroit,MI,(313) 223-2999,Casino
FireKeepers Casino,firekeeperscasino.com,"11177 E Michigan Ave",Battle Creek,MI,(877) 352-8777,Casino
Soaring Eagle Casino,soaringeaglecasino.com,"6800 Soaring Eagle Blvd",Mt Pleasant,MI,(888) 732-4537,Casino
Gun Lake Casino,gunlakecasino.com,"1123 129th Ave",Wayland,MI,(269) 792-7777,Casino
Odawa Casino,odawacasino.com,"1760 Lears Rd",Petoskey,MI,(877) 442-6464,Casino
Island Resort & Casino,islandresortandcasino.com,"W 399 Hwy 2",Harris,MI,(800) 682-6040,Casino
Kewadin Casino Sault Ste Marie,kewadin.com,"2186 Shunk Rd",Sault Ste. Marie,MI,(800) 539-2346,Casino
Running Aces Casino,runaces.com,"15201 Zurich St",Columbus,MN,(651) 925-4600,Casino
Treasure Island Resort,ticasino.com,"5734 Sturgeon Lake Rd",Welch,MN,(800) 222-7077,Casino
Fortune Bay Resort,fortunebay.com,"1430 Bois Forte Rd",Tower,MN,(800) 992-7529,Casino
Shooting Star Casino,starcasino.com,"777 Casino Rd",Mahnomen,MN,(800) 453-7827,Casino
Cedar Lakes Casino,cedarlakescasino.com,"6268 Upper Cass Frontage Rd",Cass Lake,MN,(844) 554-2646,Casino
Northern Lights Casino,northernlightscasino.com,"6800 Y Frontage Rd NW",Walker,MN,(800) 252-7529,Casino
Beau Rivage Resort,beaurivage.com,"875 Beach Blvd",Biloxi,MS,(888) 567-6667,Casino
IP Casino Resort Spa,ipbiloxi.com,"850 Bayview Ave",Biloxi,MS,(888) 946-2847,Casino
Horseshoe Tunica,caesars.com,"1021 Casino Center Dr",Tunica Resorts,MS,(800) 303-7463,Casino
Pearl River Resort,pearlriverresort.com,"13550 Hwy 16 W",Choctaw,MS,(866) 447-3275,Casino
Hollywood Casino St. Louis,hollywoodcasinostlouis.com,"777 Casino Center Dr",Maryland Heights,MO,(314) 770-8100,Casino
Harrah's Kansas City,caesars.com,"1 Riverboat Dr",North Kansas City,MO,(816) 472-7777,Casino
Horseshoe St. Louis,caesars.com,"999 N 2nd St",St. Louis,MO,(314) 209-0777,Casino
Century Casino Cape Girardeau,cnty.com,"777 Main St",Cape Girardeau,MO,(573) 730-7777,Casino
Silvertip Casino,silvertipcasino.com,"2230 Montana Ave",Missoula,MT,(406) 723-5353,Casino
Claim Jumper Casino,claimjumpermissoula.com,"1600 W Broadway",Missoula,MT,(406) 543-0545,Casino
Bugz's Casino,-,"1323 Main St",Billings,MT,(406) 259-2712,Casino
Gray Wolf Peak Casino,graywolfpeakcasino.com,"20750 US-93",Missoula,MT,(406) 726-3778,Casino
Glacier Peaks Casino,glacierpeakscasino.com,"46 Museum Loop",Browning,MT,(406) 338-2274,Casino
Silver Creek Casino,silvercreekcasinomt.com,"7025 W Broadway St",Missoula,MT,(406) 728-2579,Casino
Nickels Gaming Parlour,-,"2100 N Last Chance Gulch",Helena,MT,(406) 442-3390,Casino
93 Casino,-,"50194 US-93",Arlee,MT,(406) 726-3778,Casino
Northern Winz Hotel & Casino,northernwinz.com,"11200 US-87",Box Elder,MT,(406) 395-5420,Casino
Aria Resort & Casino,aria.com,"3730 Las Vegas Blvd S",Las Vegas,NV,(702) 590-7111,Casino
Venetian Resort,venetian.com,"3355 Las Vegas Blvd S",Las Vegas,NV,(702) 414-1000,Casino
Caesars Palace,caesars.com,"3570 Las Vegas Blvd S",Las Vegas,NV,(866) 227-5938,Casino
Horseshoe Las Vegas,caesars.com,"3645 Las Vegas Blvd S",Las Vegas,NV,(877) 603-4390,Casino
Resorts World Las Vegas,rwlasvegas.com,"3000 Las Vegas Blvd S",Las Vegas,NV,(833) 255-2927,Casino
MGM Grand,mgmgrand.com,"3799 Las Vegas Blvd S",Las Vegas,NV,(877) 880-0880,Casino
South Point Casino,southpointcasino.com,"9777 Las Vegas Blvd S",Las Vegas,NV,(702) 796-7111,Casino
Orleans Hotel & Casino,orleanscasino.com,"4500 W Tropicana Ave",Las Vegas,NV,(702) 365-7111,Casino
Red Rock Resort,redrock.sclv.com,"11011 W Charleston Blvd",Las Vegas,NV,(702) 797-7777,Casino
Skyline Casino,skylinehenderson.com,"1741 N Boulder Hwy",Henderson,NV,(702) 565-9116,Casino
Atlantis Casino,atlantiscasino.com,"3800 S Virginia St",Reno,NV,(800) 723-6500,Casino
Grand Sierra Resort,grandsierraresort.com,"2500 E 2nd St",Reno,NV,(800) 648-5080,Casino
Nugget Casino Resort,nuggetcasinoresort.com,"1100 Nugget Ave",Sparks,NV,(800) 648-1177,Casino
Rainbow Hotel Casino,wendoverfun.com,"1045 Wendover Blvd",West Wendover,NV,(800) 217-0049,Casino
Mesquite Gaming (CasaBlanca),casablancaresort.com,"950 W Mesquite Blvd",Mesquite,NV,(877) 438-2929,Casino
Eureka Casino Resort,eurekamesquite.com,"275 Mesa Blvd",Mesquite,NV,(702) 346-4600,Casino
Filotimo Casino Manchester,filotimocasino.com,"1279 S Willow St",Manchester,NH,(603) 668-6591,Casino
Filotimo Casino Dover,filotimocasino.com,"887 Central Ave",Dover,NH,(603) 742-9632,Casino
Gate City Casino,gatecitycasino.com,"55 Northeastern Blvd",Nashua,NH,(603) 943-7333,Casino
The River Casino,therivercasino.com,"53 High St",Nashua,NH,(603) 881-5555,Casino
Lakes Region Casino,lakesregioncasino.com,"1265 Laconia Rd",Belmont,NH,(603) 527-8316,Casino
Concord Casino,concordcasinonh.com,"67 S Main St",Concord,NH,(603) 228-2882,Casino
Revo Casino - Conway,revocasino.com,"1601 White Mountain Hwy",Conway,NH,(603) 447-6007,Casino
Revo Casino - Keene,revocasino.com,"172 Emerald St",Keene,NH,(603) 357-6033,Casino
Revo Casino - Lebanon,revocasino.com,"369 Miracle Mile",Lebanon,NH,(603) 448-7777,Casino
Borgata Hotel Casino,theborgata.com,"1 Borgata Way",Atlantic City,NJ,(609) 317-1000,Casino
Harrah's Atlantic City,caesars.com,"777 Harrah's Blvd",Atlantic City,NJ,(609) 441-5000,Casino
Sandia Resort & Casino,sandiacasino.com,"30 Rainbow Rd",Albuquerque,NM,(505) 796-7500,Casino
Isleta Resort & Casino,isleta.com,"11000 Broadway Blvd SE",Albuquerque,NM,(505) 724-3800,Casino
Route 66 Casino Hotel,rt66casino.com,"14500 Central Ave SW",Albuquerque,NM,(505) 352-7866,Casino
Buffalo Thunder Resort,hiltonbuffalothunder.com,"20 Buffalo Thunder Trl",Santa Fe,NM,(505) 455-5555,Casino
Santa Ana Star Casino,santaanastar.com,"54 Jemez Canyon Dam Rd",Bernalillo,NM,(505) 867-0000,Casino
Turning Stone Resort,turningstone.com,"5218 Patrick Rd",Verona,NY,(800) 771-7711,Casino
Resorts World Catskills,rwcatskills.com,"888 Resorts World Dr",Monticello,NY,(833) 586-9358,Casino
Rivers Casino Schenectady,riverscasino.com,"1 Rush St",Schenectady,NY,(518) 579-8800,Casino
del Lago Resort & Casino,dellagoresort.com,"1133 NY-414",Waterloo,NY,(315) 946-1777,Casino
Tioga Downs Casino,tiogadowns.com,"2384 W River Rd",Nichols,NY,(888) 946-8464,Casino
Seneca Niagara Casino,senecaniagaracasino.com,"310 4th St",Niagara Falls,NY,(877) 873-6322,Casino
Harrah's Cherokee,caesars.com,"777 Casino Dr",Cherokee,NC,(828) 497-7777,Casino
Dakota Magic Casino,dakotamagic.com,"16849 102nd St SE",Hankinson,ND,(800) 325-6825,Casino
Sky Dancer Casino,skydancercasino.com,"3965 Sky Dancer Way",Belcourt,ND,(701) 244-2400,Casino
4 Bears Casino,4bearscasino.com,"202 Frontage Rd",New Town,ND,(800) 294-5454,Casino
Hard Rock Cincinnati,hardrockcasinocincinnati.com,"1000 Broadway St",Cincinnati,OH,(513) 252-0777,Casino
Hollywood Columbus,hollywoodcolumbus.com,"200 Georgesville Rd",Columbus,OH,(614) 308-3333,Casino
Hollywood Toledo,hollywoodcasinotoledo.com,"1968 Miami St",Toledo,OH,(419) 661-5200,Casino
JACK Cleveland Casino,jackentertainment.com,"100 Public Sq",Cleveland,OH,(216) 297-4777,Casino
Choctaw Casino Durant,choctawcasinos.com,"4216 S Hwy 69",Durant,OK,(580) 920-0160,Casino
WinStar World Casino,winstar.com,"777 Casino Ave",Thackerville,OK,(800) 622-6317,Casino
Hard Rock Tulsa,hardrockcasinotulsa.com,"777 W Cherokee St",Catoosa,OK,(800) 760-6700,Casino
River Spirit Casino,riverspirittulsa.com,"8330 Riverside Pkwy",Tulsa,OK,(888) 748-3731,Casino
Downstream Casino,downstreamcasino.com,"69300 E Nee Rd",Quapaw,OK,(918) 919-6000,Casino
Grand Casino Hotel,grandresortok.com,"777 Grand Casino Blvd",Shawnee,OK,(405) 964-7777,Casino
Indigo Sky Casino,indigoskycasino.com,"70220 US-60",Wyandotte,OK,(888) 992-7591,Casino
Riverwind Casino,riverwind.com,"1544 OK-9",Norman,OK,(405) 322-6000,Casino
Osage Casino Tulsa,osagecasino.com,"951 W 36th St N",Tulsa,OK,(877) 246-8777,Casino
Comanche Nation Casino,comanchenationcasinos.com,"402 SE Interstate Dr",Lawton,OK,(580) 354-2000,Casino
Spirit Mountain Casino,spiritmountain.com,"27100 SW Salmon River Hwy",Grand Ronde,OR,(503) 879-2350,Casino
Chinook Winds Casino,chinookwindscasino.com,"1777 NW 44th St",Lincoln City,OR,(888) 244-6665,Casino
Three Rivers Casino,threeriverscasino.com,"5647 OR-126",Florence,OR,(541) 997-7529,Casino
Seven Feathers Casino Resort,sevenfeathers.com,"146 Chief Miwaleta Ln",Canyonville,OR,(800) 548-8461,Casino
Parx Casino,parxcasino.com,"2999 Street Rd",Bensalem,PA,(888) 588-7279,Casino
Rivers Casino Philadelphia,riverscasino.com,"1001 N Delaware Ave",Philadelphia,PA,(877) 477-3715,Casino
Live! Casino Philadelphia,philadelphia.livecasinohotel.com,"900 Packer Ave",Philadelphia,PA,(833) 472-5483,Casino
Wind Creek Bethlehem,windcreek.com,"77 Wind Creek Blvd",Bethlehem,PA,(484) 777-7777,Casino
Rivers Casino Pittsburgh,riverscasino.com,"777 Casino Dr",Pittsburgh,PA,(412) 231-7777,Casino
Live! Casino Pittsburgh,pittsburgh.livecasinohotel.com,"5260 US-30",Greensburg,PA,(878) 787-7770,Casino
Mount Airy Casino,mountairycasino.com,"312 Woodland Rd",Mount Pocono,PA,(877) 682-4791,Casino
Hollywood Casino Grantville,hollywoodpnrc.com,"777 Hollywood Blvd",Grantville,PA,(717) 469-2211,Casino
Hollywood Casino Meadows,hollywoodmeadows.com,"210 Racetrack Rd",Washington,PA,(724) 503-1200,Casino
Bally's Twin River Lincoln,casinos.ballys.com,"100 Twin River Rd",Lincoln,RI,(401) 723-3200,Casino
Rivers Casino Portsmouth,riverscasino.com,"3630 Victory Blvd",Portsmouth,VA,(757) 840-2100,Casino
Hard Rock Bristol,hardrockhotelcasinobristol.com,"500 Gate City Hwy",Bristol,VA,(276) 696-3660,Casino
Muckleshoot Casino,muckleshootcasino.com,"2402 Auburn Way S",Auburn,WA,(800) 804-4944,Casino
Tulalip Resort Casino,tulalipresortcasino.com,"10200 Quil Ceda Blvd",Tulalip,WA,(888) 272-1111,Casino
Last Frontier Casino,lastfrontiercasino.com,"105 W 4th Ave",La Center,WA,(360) 575-1485,Casino
Palace Casino,thepalacecasino.com,"8800 S Tacoma Way",Lakewood,WA,(253) 983-8400,Casino
Chips Casino,chipscasinolakewood.com,"10408 Pacific Hwy SW",Lakewood,WA,(253) 984-7222,Casino
Snoqualmie Casino,snocasino.com,"37500 SE North Bend Way",Snoqualmie,WA,(425) 888-1234,Casino
Northern Quest Casino,northernquest.com,"100 N Hayford Rd",Airway Heights,WA,(877) 871-6772,Casino
Black Pearl Casino,blackpearlspokane.com,"2104 N Pines Rd",Spokane Valley,WA,(509) 290-5026,Casino
Little Creek Casino,little-creek.com,"91 W State Route 108",Shelton,WA,(800) 667-7711,Casino
7 Cedars Casino,7cedars.com,"270756 US-101",Sequim,WA,(360) 683-7777,Casino
Swinomish Casino,swinomishcasinoandlodge.com,"12885 Casino Dr",Anacortes,WA,(888) 288-8883,Casino
Legends Casino,legendscasino.com,"580 Fort Rd",Toppenish,WA,(509) 865-8800,Casino
Crazy Moose Casino Pasco,crazymoosepasco.com,"525 N 20th Ave",Pasco,WA,(509) 542-8566,Casino
Joker's Casino,atomicbowl.com,"624 Wellsian Way",Richland,WA,(509) 943-1173,Casino
Wild Goose Casino,wildgoosecasino.com,"1620 Canyon Rd",Ellensburg,WA,(509) 925-5626,Casino
Silver Dollar Casino (Renton),silverdollarcasino.com,"3100 E Valley Rd",Renton,WA,(425) 226-2525,Casino
Silver Dollar Casino (SeaTac),silverdollarcasino.com,"19222 International Blvd",SeaTac,WA,(206) 824-2347,Casino
Roman Casino,romancasinowa.com,"12140 Tukwila International Blvd",Tukwila,WA,(206) 722-2260,Casino
All Star Lanes & Casino,allstarlanescasino.com,"10710 Silverdale Way NW",Silverdale,WA,(360) 692-5760,Casino
Lilac Lanes & Casino,lilaclanes.com,"1112 E Magnesium Rd",Spokane,WA,(509) 467-5228,Casino
Hollywood Charles Town,hollywoodcasinocharlestown.com,"750 Hollywood Dr",Charles Town,WV,(800) 795-7001,Casino
Mardi Gras Casino,mardigrascasinowv.com,"1 Greyhound Dr",Cross Lanes,WV,(800) 224-9683,Casino
Potawatomi Casino Hotel,paysbig.com,"1721 W Canal St",Milwaukee,WI,(800) 729-7244,Casino
Oneida Casino,oneidacasino.net,"2020 Airport Dr",Green Bay,WI,(920) 494-4500,Casino
Sevenwinds Casino,sevenwindscasino.com,"13767 W County Rd B",Hayward,WI,(715) 634-5643,Casino
Lake of the Torches,lakeofthetorches.com,"510 Old Abe Rd",Lac Du Flambeau,WI,(800) 258-6724,Casino
Wind River Casino,windriverhotelcasino.com,"10269 WY-789",Riverton,WY,(307) 856-3964,Casino
