Name,Website,Address,City,State,Phone,Category
101 Poker Club,101pokerclub.com,"22410 Highland Knolls Dr",Katy,TX,(832) 913-6447,Standalone Card Room
52 Pick Up Social,-,-,Caddo Mills,TX,-,Standalone Card Room
9 Dragons,-,-,Houston,TX,-,Standalone Card Room
Ace 1 Social Club,-,-,Corpus Christi,TX,-,Standalone Card Room
Ace Card Club,-,-,San Antonio,TX,-,Standalone Card Room
Ace High Social,-,-,Burleson,TX,-,Standalone Card Room
Aggieland Poker Club,-,-,College Station,TX,-,Standalone Card Room
Alamo Card House 2,alamocardhouse.com,-,San Antonio,TX,(210) 900-2442,Standalone Card Room
Alpha Social Card Club,-,-,Wichita Falls,TX,-,Standalone Card Room
Amarillo Social Club,-,-,Amarillo,TX,-,Standalone Card Room
Bluefelt El Paso Card Club,-,-,El Paso,TX,-,Standalone Card Room
Broadway Social Club,-,-,Richmond,TX,-,Standalone Card Room
Bullets Card Club,bulletscardclub.com,"11900 Metric Blvd",Austin,TX,(512) 658-9488,Standalone Card Room
Comal Card Haus,-,-,New Braunfels,TX,-,Standalone Card Room
Crossroads Card House,-,-,Victoria,TX,-,Standalone Card Room
Doghouse Poker Club,-,-,Cypress,TX,-,Standalone Card Room
Elite Poker Lounge,-,-,McAllen,TX,-,Standalone Card Room
Empire Poker Club,empirepokerclub.com,"10815 W Sam Houston Pkwy N",Houston,TX,(832) 539-6593,Standalone Card Room
Fortune Poker Club,-,-,Houston,TX,-,Standalone Card Room
Gin Mill Card Club Farwell,-,-,Farwell,TX,-,Standalone Card Room
Gin Mill Card Club Lubbock,-,-,Lubbock,TX,-,Standalone Card Room
House of Kings Card Club,-,-,El Paso,TX,-,Standalone Card Room
Johny's Social Card Club,-,-,Wichita Falls,TX,-,Standalone Card Room
Jokers of Aggieland Poker Club,-,-,College Station,TX,-,Standalone Card Room
JokerStars Social Club,-,-,Houston,TX,-,Standalone Card Room
Katy Poker,-,-,Katy,TX,-,Standalone Card Room
KoJack's Poker Club,-,-,Midland,TX,-,Standalone Card Room
Lodge Card Club Austin,thelodgepokerclub.com,"1401 S IH 35 Frontage Rd",Round Rock,TX,(512) 614-4340,Standalone Card Room
Lone Star Social,-,-,Cedar Park,TX,-,Standalone Card Room
Lucky J Social Club,-,-,Houston,TX,-,Standalone Card Room
Matador Poker House,-,-,Lubbock,TX,-,Standalone Card Room
Oak Cliff Card Club,-,-,Dallas,TX,-,Standalone Card Room
On The River Social Club,-,-,San Marcos,TX,-,Standalone Card Room
Palace Poker,-,-,Grand Prairie,TX,-,Standalone Card Room
PH Social Club Dallas,-,-,Dallas,TX,-,Standalone Card Room
Poker 1,-,-,Odessa,TX,-,Standalone Card Room
Poker House Fort Worth,-,-,Burleson,TX,-,Standalone Card Room
PrymeTyme Poker House,-,-,Canton,TX,-,Standalone Card Room
Red Star Social,-,-,Austin,TX,-,Standalone Card Room
River Rats Poker Club,-,-,Navasota,TX,-,Standalone Card Room
Rustlers Poker Club,-,-,San Antonio,TX,-,Standalone Card Room
SA Card House,sacardhouse.com,"8407 Bandera Rd",San Antonio,TX,(210) 908-9669,Standalone Card Room
Shuffle 214,shuffle214.com,"11411 E Northwest Hwy",Dallas,TX,(214) 295-8861,Standalone Card Room
Shuffle 512,shuffle512.com,-,Austin,TX,-,Standalone Card Room
South Plains Social Club,-,-,Farwell,TX,-,Standalone Card Room
Spades Poker House,spadespoker.com,"302 W Bay Area Blvd",Webster,TX,(832) 284-4112,Standalone Card Room
Spades Poker House Baytown,-,-,Baytown,TX,-,Standalone Card Room
Sportsbook Bishop Arts,-,-,Dallas,TX,-,Standalone Card Room
Sun City Card Club,-,-,El Paso,TX,-,Standalone Card Room
TCH Social Austin,texascardhouse.com,-,Austin,TX,-,Standalone Card Room
TCH Social Las Colinas,texascardhouse.com,"955 W John Carpenter Fwy",Irving,TX,(469) 206-0810,Standalone Card Room
Texas Card House Dallas,texascardhouse.com,"11824 Webb Chapel Rd",Dallas,TX,(214) 272-7808,Standalone Card Room
Texas Card House Houston,texascardhouse.com,"1411 Spring Cypress Rd",Spring,TX,(281) 645-0010,Standalone Card Room
Texas Card House Rio Grande Valley,texascardhouse.com,"403 W Trento Rd",Edinburg,TX,(956) 386-1383,Standalone Card Room
Texas Card House Spring,texascardhouse.com,-,Spring,TX,-,Standalone Card Room
Texas Double Deuce Social Club,-,-,Burleson,TX,-,Standalone Card Room
Texline Card House,-,-,Texarkana,TX,-,Standalone Card Room
The Big Blind,-,-,San Antonio,TX,-,Standalone Card Room
The Club EPTX,-,-,El Paso,TX,-,Standalone Card Room
The Desperado Club,-,-,Fort Worth,TX,-,Standalone Card Room
The Fort Card Room,-,-,Aledo,TX,-,Standalone Card Room
The Hangar Poker House,-,-,Humble,TX,-,Standalone Card Room
The Office Card Room,-,-,San Antonio,TX,-,Standalone Card Room
The River League,-,-,San Angelo,TX,-,Standalone Card Room
The River Poker Club,-,-,Spring,TX,-,Standalone Card Room
The Royal Card Club,-,-,Brownwood,TX,-,Standalone Card Room
The Royal Card House of San Antonio,-,-,San Antonio,TX,-,Standalone Card Room
The Speakeasy Card Room,-,-,Gordon,TX,-,Standalone Card Room
The Wheel Social Club,-,-,Houston,TX,-,Standalone Card Room
The White Rabbit,-,-,San Antonio,TX,-,Standalone Card Room
VIP Social Club,-,-,Amarillo,TX,-,Standalone Card Room
West Texas Card House,-,-,Lubbock,TX,-,Standalone Card Room
Bankers Casino,bankerscasino.net,"111 Monterey St",Salinas,CA,(831) 422-6666,Standalone Card Room
Oceanview Casino,-,-,Santa Cruz,CA,-,Standalone Card Room
Outlaws Card Parlour,-,-,Atascadero,CA,-,Standalone Card Room
Casino Monterey - The Marina Club,-,-,Marina,CA,-,Standalone Card Room
Bay 101 Casino,bay101.com,"1788 N First St",San Jose,CA,(408) 451-8888,Standalone Card Room
Oaks Card Club,oakscardclub.com,"4097 San Pablo Ave",Emeryville,CA,(510) 653-4456,Standalone Card Room
Stones Gambling Hall,stonesgamblinghall.com,"6508 Antelope Rd",Citrus Heights,CA,(916) 735-8440,Standalone Card Room
Artichoke Joe's Casino,artichokejoes.com,"659 Huntington Ave",San Bruno,CA,(650) 589-3147,Standalone Card Room
Lucky Chances Casino,luckychances.com,"1700 Hillside Blvd",Colma,CA,(650) 758-2237,Standalone Card Room
Capitol Casino,capitol-casino.com,"411 N 16th St",Sacramento,CA,(916) 446-0700,Standalone Card Room
Limelight Card Room,limelightcardroom.com,"1014 Alhambra Blvd",Sacramento,CA,(916) 446-2208,Standalone Card Room
Kings Card Club,kingscardclub.com,"6111 West Ln",Stockton,CA,(209) 267-4567,Standalone Card Room
Parkwest Casino Cordova,parkwestcasinos.com,"2801 Prospect Park Dr",Rancho Cordova,CA,(916) 361-9186,Standalone Card Room
Parkwest Casino Lotus,parkwestcasinos.com,"6010 Stockton Blvd",Sacramento,CA,(916) 399-4929,Standalone Card Room
Parkwest Casino Lodi,parkwestcasinos.com,"1800 S Cherokee Ln",Lodi,CA,(209) 334-9777,Standalone Card Room
Casino M8trix,casinom8trix.com,"1887 Matrix Blvd",San Jose,CA,(408) 244-3333,Standalone Card Room
Casino 99,casino99chico.com,"175 E 20th St",Chico,CA,(530) 891-1000,Standalone Card Room
Turlock Poker Room,turlockpoker.com,"2321 W Main St",Turlock,CA,(209) 668-1010,Standalone Card Room
Garlic City Casino,garliccitycasino.com,"8630 San Ysidro Ave",Gilroy,CA,(408) 847-1606,Standalone Card Room
California Grand Casino,calgrandcasino.com,"5988 Pacheco Blvd",Pacheco,CA,(925) 685-8397,Standalone Card Room
Livermore Casino,livermorecasino.net,"3571 First St",Livermore,CA,(925) 447-1702,Standalone Card Room
Palace Poker Casino,palacepokercasino.com,"22821 Mission Blvd",Hayward,CA,(510) 582-1166,Standalone Card Room
19th Hole,19thholeantioch.com,"2746 W Tregallas Rd",Antioch,CA,(925) 757-6545,Standalone Card Room
Black Pearl Casino,blackpearlspokane.com,"2104 N Pines Rd",Spokane Valley,WA,(509) 290-5026,Standalone Card Room
Lancer Lanes,lancerlanes.com,"1250 Bridge St",Clarkston,WA,(509) 758-6731,Standalone Card Room
Lilac Lanes & Casino,lilaclanes.com,"1112 E Magnesium Rd",Spokane,WA,(509) 467-5228,Standalone Card Room
Clearwater Saloon & Casino,-,-,East Wenatchee,WA,-,Standalone Card Room
Club 48 Poker Room,-,-,Yakima,WA,-,Standalone Card Room
Fortune Poker Room,fortunepoker.com,"14500 Interurban Ave S",Tukwila,WA,(425) 277-7667,Standalone Card Room
Red Dragon Poker,reddragonpoker.com,"21917 Hwy 99",Mountlake Terrace,WA,(425) 774-7299,Standalone Card Room
Caribbean Cardroom,caribbeancardroom.com,"12526 120th Ave NE",Kirkland,WA,(425) 821-2244,Standalone Card Room
Ace's Poker,acespoker.com,"7004 220th St SW",Mountlake Terrace,WA,(425) 774-4263,Standalone Card Room
Last Frontier Casino,lastfrontiercasino.com,"105 W 4th Ave",La Center,WA,(360) 575-1485,Standalone Card Room
Palace Casino,thepalacecasino.com,"8800 S Tacoma Way",Lakewood,WA,(253) 983-8400,Standalone Card Room
Chips Casino,chipscasinolakewood.com,"10408 Pacific Hwy SW",Lakewood,WA,(253) 984-7222,Standalone Card Room
Crazy Moose Casino Pasco,crazymoosepasco.com,"525 N 20th Ave",Pasco,WA,(509) 542-8566,Standalone Card Room
Joker's Casino,atomicbowl.com,"624 Wellsian Way",Richland,WA,(509) 943-1173,Standalone Card Room
Wild Goose Casino,wildgoosecasino.com,"1620 Canyon Rd",Ellensburg,WA,(509) 925-5626,Standalone Card Room
Silver Dollar Casino Renton,silverdollarcasino.com,"3100 E Valley Rd",Renton,WA,(425) 226-2525,Standalone Card Room
Roman Casino,romancasinowa.com,"12140 Tukwila International Blvd",Tukwila,WA,(206) 722-2260,Standalone Card Room
All Star Lanes & Casino,allstarlanescasino.com,"10710 Silverdale Way NW",Silverdale,WA,(360) 692-5760,Standalone Card Room
Seat Open Poker Room,-,-,Bozeman,MT,-,Standalone Card Room
The Silver Slipper,thesilverslipper.net,-,Missoula,MT,-,Standalone Card Room
Rimrock Lodge Poker Room,-,-,Thompson Falls,MT,-,Standalone Card Room
Doc & Eddy's Poker Room,-,"5100 Southgate Dr",Billings,MT,(406) 248-8311,Standalone Card Room
Bugz's Cardroom,-,"1323 Main St",Billings,MT,(406) 259-2712,Standalone Card Room
Shooters Poker Room,-,"1600 Avenue D",Billings,MT,(406) 245-2122,Standalone Card Room
The Grandstand,-,"905 Grand Ave",Billings,MT,(406) 252-8755,Standalone Card Room
Queen of Hearts Card Club,-,"1421 Broadwater Ave",Billings,MT,-,Standalone Card Room
Red Door Lounge,-,"3875 Grand Ave",Billings,MT,(406) 656-6410,Standalone Card Room
Claim Jumper Casino,claimjumpermissoula.com,"1600 W Broadway",Missoula,MT,(406) 543-0545,Standalone Card Room
Silvertip Casino,silvertipcasino.com,"2230 Montana Ave",Missoula,MT,(406) 723-5353,Standalone Card Room
Gray Wolf Peak Casino,graywolfpeakcasino.com,"20750 US-93",Missoula,MT,(406) 726-3778,Standalone Card Room
Stockman's Bar Poker Room,-,"125 W Front St",Missoula,MT,(406) 543-3330,Standalone Card Room
VFW Poker Room Missoula,-,"245 W Main St",Missoula,MT,(406) 728-7789,Standalone Card Room
Westside Lanes Poker,-,"1615 Wyoming St",Missoula,MT,(406) 721-5263,Standalone Card Room
Nickels Gaming Parlour,-,"2100 N Last Chance Gulch",Helena,MT,(406) 442-3390,Standalone Card Room
Rialto Bar,-,"52 N Last Chance Gulch",Helena,MT,(406) 442-2533,Standalone Card Room
Miller's Crossing,-,"54 N Last Chance Gulch",Helena,MT,(406) 442-3290,Standalone Card Room
Derby Lane Poker Room,derbylane.com,"10490 Gandy Blvd N",St. Petersburg,FL,(727) 812-3339,Standalone Card Room
Oxford Downs Poker Room,oxforddowns.com,"17996 US-301",Summerfield,FL,(352) 245-2999,Standalone Card Room
Orange City Racing & Card Club,orangecitypoker.com,"822 Saxon Blvd",Orange City,FL,(386) 252-6484,Standalone Card Room
Daytona Racing & Card Club,daytonagreyhound.com,"960 S Williamson Blvd",Daytona Beach,FL,(386) 252-6484,Standalone Card Room
Ebro Poker Room,goebro.com,"5425 FL-79",Ebro,FL,(850) 234-3943,Standalone Card Room
Silks Poker Tampa Bay Downs,tampabaydowns.com,"11225 Race Track Rd",Tampa,FL,(813) 855-4401,Standalone Card Room
TGT Poker & Racebook,tgtpoker.com,"8300 N Nebraska Ave",Tampa,FL,(813) 932-4313,Standalone Card Room
One-Eyed Jacks Poker,skcpoker.com,"5400 Bradenton Rd",Sarasota,FL,(941) 355-7744,Standalone Card Room
bestbet Jacksonville,bestbetjax.com,"201 Monument Rd",Jacksonville,FL,(904) 646-0001,Standalone Card Room
bestbet Orange Park,bestbetjax.com,"455 Park Ave",Orange Park,FL,(904) 646-0001,Standalone Card Room
bestbet St. Augustine,bestbetjax.com,"800 Marketplace Dr",St. Augustine,FL,(904) 646-0001,Standalone Card Room
Palm Beach Kennel Club,pbkennelclub.com,"1111 N Congress Ave",West Palm Beach,FL,(561) 683-2222,Standalone Card Room
Creek Entertainment,creekentertainment.com,"449330 State Rd 12",Gretna,FL,(850) 875-6930,Standalone Card Room
Pensacola Greyhound,pensacolagreyhoundtrack.com,"951 Dog Track Rd",Pensacola,FL,(850) 455-8531,Standalone Card Room
The Last Frontier Casino,lastfrontiercasino.com,"105 W 4th Ave",La Center,OR,(360) 575-1485,Standalone Card Room
Final Table Poker Club,finaltablepoker.com,"2620 SE 122nd Ave",Portland,OR,(503) 760-7460,Standalone Card Room
Medford Social Club Poker Room,-,-,Medford,OR,-,Standalone Card Room
Oregon Poker Club - Kit Kat Club,-,-,Portland,OR,-,Standalone Card Room
Oregon Poker Club - Rialto Pool Room,-,-,Portland,OR,-,Standalone Card Room
Oregon Poker Club - Stadiums Sports Bar,-,-,Portland,OR,-,Standalone Card Room
The Club House,-,-,Roseburg,OR,-,Standalone Card Room
The Diamond Poker Club,-,-,Albany,OR,-,Standalone Card Room
The Game,thegamepoker.com,"901 SW Capitol Hwy",Portland,OR,(503) 244-3111,Standalone Card Room
Grants Pass Poker Room,-,-,Grants Pass,OR,-,Standalone Card Room
High Mountain Poker,-,-,Eugene,OR,-,Standalone Card Room
Full House Poker,fullhousepokereugene.com,"2270 W 11th Ave",Eugene,OR,(541) 505-8664,Standalone Card Room
Bend Poker Room,-,-,Bend,OR,-,Standalone Card Room
International Poker Eugene,-,-,Eugene,OR,-,Standalone Card Room
Manchester Poker,-,-,Manchester,NH,-,Standalone Card Room
Chasers Poker Room,chaserspokerroom.com,"7 Veterans Memorial Pkwy",Salem,NH,(603) 893-4530,Standalone Card Room
Gate City Poker Room,gatecitycasino.com,"55 Northeastern Blvd",Nashua,NH,(603) 943-7333,Standalone Card Room
Nash Casino Poker Room,-,-,Nashua,NH,-,Standalone Card Room
Lebanon Poker Room,-,-,Lebanon,NH,-,Standalone Card Room
The Brook Poker Room,livefreeandplay.com,"319 New Zealand Rd",Seabrook,NH,(603) 474-3065,Standalone Card Room
Filotimo Casino Manchester,filotimocasino.com,"1279 S Willow St",Manchester,NH,(603) 668-6591,Standalone Card Room
Filotimo Casino Dover,filotimocasino.com,"887 Central Ave",Dover,NH,(603) 742-9632,Standalone Card Room
The River Casino,therivercasino.com,"53 High St",Nashua,NH,(603) 881-5555,Standalone Card Room
Lakes Region Casino,lakesregioncasino.com,"1265 Laconia Rd",Belmont,NH,(603) 527-8316,Standalone Card Room
Concord Casino,concordcasinonh.com,"67 S Main St",Concord,NH,(603) 228-2882,Standalone Card Room
Revo Casino - Conway,revocasino.com,"1601 White Mountain Hwy",Conway,NH,(603) 447-6007,Standalone Card Room
Revo Casino - Keene,revocasino.com,"172 Emerald St",Keene,NH,(603) 357-6033,Standalone Card Room
Revo Casino - Lebanon,revocasino.com,"369 Miracle Mile",Lebanon,NH,(603) 448-7777,Standalone Card Room
Burton Eagles Poker Room,-,-,Burton,MI,-,Standalone Card Room
DiCicco's Poker Room,-,-,Shelby Township,MI,-,Standalone Card Room
G's Charity Poker,-,-,Shelby Township,MI,-,Standalone Card Room
Kings Poker Room,-,-,Grand Rapids,MI,-,Standalone Card Room
Muskegon Poker Room,-,-,Muskegon,MI,-,Standalone Card Room
Owosso Poker Room,-,-,Owosso,MI,-,Standalone Card Room
Paradise Poker,-,-,Utica,MI,-,Standalone Card Room
Rosemack Poker Room,-,-,Roseville,MI,-,Standalone Card Room
Roundtree Poker Room,-,-,Ypsilanti,MI,-,Standalone Card Room
The Event Spot Poker Room,-,-,Clawson,MI,-,Standalone Card Room
The Saginaw Poker Room,-,-,Saginaw,MI,-,Standalone Card Room
Thompson Poker Room,-,-,Ypsilanti,MI,-,Standalone Card Room
Waterford Card Room,-,-,Waterford,MI,-,Standalone Card Room
Krazy Kopz at Vision Lanes,-,-,Westland,MI,-,Standalone Card Room
Krazy Kopz @ The Ivory Room,-,-,Westland,MI,-,Standalone Card Room
Legends Poker Place of Metamora,-,-,Metamora,MI,-,Standalone Card Room
Momo's Poker Room,-,-,Taylor,MI,-,Standalone Card Room
Ace High Poker Club,-,-,Oxford,MI,-,Standalone Card Room
