{
  "metadata": {
    "description": "Source of Truth: Venues with confirmed daily/nightly tournaments",
    "lastUpdated": "2026-01-26",
    "totalVenues": 163,
    "source": "verified-venues-master.csv (TOURNAMENTS=Yes)",
    "notes": "Only scrape from these venues for daily tournament data"
  },
  "venues": [
    {"name": "Talking Stick Resort", "city": "Scottsdale", "state": "AZ", "type": "Casino", "pokerAtlasUrl": "https://www.pokeratlas.com/poker-room/talking-stick-resort-scottsdale"},
    {"name": "Casino Del Sol", "city": "Tucson", "state": "AZ", "type": "Casino", "pokerAtlasUrl": "https://www.pokeratlas.com/poker-room/casino-del-sol-tucson"},
    {"name": "Hon-Dah Casino", "city": "Pinetop", "state": "AZ", "type": "Casino", "pokerAtlasUrl": "https://www.pokeratlas.com/poker-room/hon-dah-casino-pinetop"},
    {"name": "Saracen Casino Resort", "city": "Pine Bluff", "state": "AR", "type": "Casino", "pokerAtlasUrl": "https://www.pokeratlas.com/poker-room/saracen-casino-resort-pine-bluff"},
    {"name": "Commerce Casino", "city": "Commerce", "state": "CA", "type": "Casino", "pokerAtlasUrl": "https://www.pokeratlas.com/poker-room/commerce-casino-los-angeles"},
    {"name": "The Bicycle Hotel & Casino", "city": "Bell Gardens", "state": "CA", "type": "Casino", "pokerAtlasUrl": "https://www.pokeratlas.com/poker-room/bicycle-casino-bell-gardens"},
    {"name": "Bay 101 Casino", "city": "San Jose", "state": "CA", "type": "Casino", "pokerAtlasUrl": "https://www.pokeratlas.com/poker-room/bay-101-san-jose"},
    {"name": "Casino M8trix", "city": "San Jose", "state": "CA", "type": "Casino", "pokerAtlasUrl": "https://www.pokeratlas.com/poker-room/casino-m8trix-san-jose"},
    {"name": "Thunder Valley Casino Resort", "city": "Lincoln", "state": "CA", "type": "Casino", "pokerAtlasUrl": "https://www.pokeratlas.com/poker-room/thunder-valley-casino-resort-lincoln"},
    {"name": "Graton Resort & Casino", "city": "Rohnert Park", "state": "CA", "type": "Casino", "pokerAtlasUrl": "https://www.pokeratlas.com/poker-room/graton-resort-casino-rohnert-park"},
    {"name": "Pechanga Resort Casino", "city": "Temecula", "state": "CA", "type": "Casino", "pokerAtlasUrl": "https://www.pokeratlas.com/poker-room/pechanga-resort-casino-temecula"},
    {"name": "Morongo Casino Resort", "city": "Cabazon", "state": "CA", "type": "Casino", "pokerAtlasUrl": "https://www.pokeratlas.com/poker-room/morongo-casino-resort-cabazon"},
    {"name": "Jamul Casino", "city": "Jamul", "state": "CA", "type": "Casino", "pokerAtlasUrl": "https://www.pokeratlas.com/poker-room/jamul-casino"},
    {"name": "Sycuan Casino Resort", "city": "El Cajon", "state": "CA", "type": "Casino", "pokerAtlasUrl": "https://www.pokeratlas.com/poker-room/sycuan-casino-resort-el-cajon"},
    {"name": "Chumash Casino Resort", "city": "Santa Ynez", "state": "CA", "type": "Casino", "pokerAtlasUrl": "https://www.pokeratlas.com/poker-room/chumash-casino-santa-ynez"},
    {"name": "Table Mountain Casino", "city": "Friant", "state": "CA", "type": "Casino", "pokerAtlasUrl": "https://www.pokeratlas.com/poker-room/table-mountain-friant"},
    {"name": "Parkwest Casino Lodi", "city": "Lodi", "state": "CA", "type": "Casino", "pokerAtlasUrl": "https://www.pokeratlas.com/poker-room/parkwest-lodi"},
    {"name": "Pala Casino Spa Resort", "city": "Pala", "state": "CA", "type": "Casino", "pokerAtlasUrl": "https://www.pokeratlas.com/poker-room/pala-casino"},
    {"name": "Barona Resort & Casino", "city": "Lakeside", "state": "CA", "type": "Casino", "pokerAtlasUrl": "https://www.pokeratlas.com/poker-room/barona-casino-lakeside"},
    {"name": "Foxwoods Resort Casino", "city": "Ledyard", "state": "CT", "type": "Casino", "pokerAtlasUrl": "https://www.pokeratlas.com/poker-room/foxwoods-mashantucket"},
    {"name": "Seminole Hard Rock Hollywood", "city": "Hollywood", "state": "FL", "type": "Casino", "pokerAtlasUrl": "https://www.pokeratlas.com/poker-room/hard-rock-hollywood-ft-lauderdale"},
    {"name": "Seminole Hard Rock Tampa", "city": "Tampa", "state": "FL", "type": "Casino", "pokerAtlasUrl": "https://www.pokeratlas.com/poker-room/hard-rock-tampa"},
    {"name": "Rivers Casino Des Plaines", "city": "Des Plaines", "state": "IL", "type": "Casino", "pokerAtlasUrl": "https://www.pokeratlas.com/poker-room/rivers-casino-des-plaines"},
    {"name": "MGM National Harbor", "city": "Oxon Hill", "state": "MD", "type": "Casino", "pokerAtlasUrl": "https://www.pokeratlas.com/poker-room/mgm-national-oxon-hill"},
    {"name": "Live! Casino & Hotel", "city": "Hanover", "state": "MD", "type": "Casino", "pokerAtlasUrl": "https://www.pokeratlas.com/poker-room/live-casino-hotel-hanover"},
    {"name": "MGM Springfield", "city": "Springfield", "state": "MA", "type": "Casino", "pokerAtlasUrl": "https://www.pokeratlas.com/poker-room/mgm-springfield"},
    {"name": "MGM Grand Detroit", "city": "Detroit", "state": "MI", "type": "Casino", "pokerAtlasUrl": "https://www.pokeratlas.com/poker-room/mgm-grand-detroit"},
    {"name": "MotorCity Casino Hotel", "city": "Detroit", "state": "MI", "type": "Casino", "pokerAtlasUrl": "https://www.pokeratlas.com/poker-room/motorcity-casino-detroit"},
    {"name": "Hollywood Casino Greektown", "city": "Detroit", "state": "MI", "type": "Casino", "pokerAtlasUrl": "https://www.pokeratlas.com/poker-room/greektown-detroit"},
    {"name": "FireKeepers Casino", "city": "Battle Creek", "state": "MI", "type": "Casino", "pokerAtlasUrl": "https://www.pokeratlas.com/poker-room/firekeepers-battle-creek"},
    {"name": "Soaring Eagle Casino", "city": "Mt Pleasant", "state": "MI", "type": "Casino", "pokerAtlasUrl": "https://www.pokeratlas.com/poker-room/soaring-eagle-mt-pleasant"},
    {"name": "Gun Lake Casino", "city": "Wayland", "state": "MI", "type": "Casino", "pokerAtlasUrl": "https://www.pokeratlas.com/poker-room/gun-lake-wayland"},
    {"name": "Turning Stone Resort", "city": "Verona", "state": "NY", "type": "Casino", "pokerAtlasUrl": "https://www.pokeratlas.com/poker-room/turning-stone-verona"},
    {"name": "Resorts World Catskills", "city": "Monticello", "state": "NY", "type": "Casino", "pokerAtlasUrl": "https://www.pokeratlas.com/poker-room/resorts-world-catski-monticello"},
    {"name": "Rivers Casino Schenectady", "city": "Schenectady", "state": "NY", "type": "Casino", "pokerAtlasUrl": "https://www.pokeratlas.com/poker-room/rivers-schenectady"},
    {"name": "Harrah's Cherokee", "city": "Cherokee", "state": "NC", "type": "Casino", "pokerAtlasUrl": "https://www.pokeratlas.com/poker-room/harrahs-cherokee"},
    {"name": "Hard Rock Cincinnati", "city": "Cincinnati", "state": "OH", "type": "Casino", "pokerAtlasUrl": "https://www.pokeratlas.com/poker-room/hard-rock-cincinnati"},
    {"name": "Hollywood Columbus", "city": "Columbus", "state": "OH", "type": "Casino", "pokerAtlasUrl": "https://www.pokeratlas.com/poker-room/hollywood-columbus"},
    {"name": "JACK Cleveland Casino", "city": "Cleveland", "state": "OH", "type": "Casino", "pokerAtlasUrl": "https://www.pokeratlas.com/poker-room/jack-cleveland"},
    {"name": "Choctaw Casino Durant", "city": "Durant", "state": "OK", "type": "Casino", "pokerAtlasUrl": "https://www.pokeratlas.com/poker-room/choctaw-durant"},
    {"name": "WinStar World Casino", "city": "Thackerville", "state": "OK", "type": "Casino", "pokerAtlasUrl": "https://www.pokeratlas.com/poker-room/winstar-casino-thackerville"},
    {"name": "Hard Rock Tulsa", "city": "Catoosa", "state": "OK", "type": "Casino", "pokerAtlasUrl": "https://www.pokeratlas.com/poker-room/hard-rock-tulsa-catoosa"},
    {"name": "River Spirit Casino", "city": "Tulsa", "state": "OK", "type": "Casino", "pokerAtlasUrl": "https://www.pokeratlas.com/poker-room/river-spirit-casino-tulsa"},
    {"name": "Spirit Mountain Casino", "city": "Grand Ronde", "state": "OR", "type": "Casino", "pokerAtlasUrl": "https://www.pokeratlas.com/poker-room/spirit-mountain-grand-ronde"},
    {"name": "Chinook Winds Casino", "city": "Lincoln City", "state": "OR", "type": "Casino", "pokerAtlasUrl": "https://www.pokeratlas.com/poker-room/chinook-winds-lincoln-city"},
    {"name": "Seven Feathers Casino Resort", "city": "Canyonville", "state": "OR", "type": "Casino", "pokerAtlasUrl": "https://www.pokeratlas.com/poker-room/seven-feathers-canyonville"},
    {"name": "Parx Casino", "city": "Bensalem", "state": "PA", "type": "Casino", "pokerAtlasUrl": "https://www.pokeratlas.com/poker-room/parx-casino-bensalem"},
    {"name": "Rivers Casino Philadelphia", "city": "Philadelphia", "state": "PA", "type": "Casino", "pokerAtlasUrl": "https://www.pokeratlas.com/poker-room/rivers-philadelphia"},
    {"name": "Live! Casino Philadelphia", "city": "Philadelphia", "state": "PA", "type": "Casino", "pokerAtlasUrl": "https://www.pokeratlas.com/poker-room/live-casino-philadelphia"},
    {"name": "Wind Creek Bethlehem", "city": "Bethlehem", "state": "PA", "type": "Casino", "pokerAtlasUrl": "https://www.pokeratlas.com/poker-room/wind-creek-bethlehem"},
    {"name": "Rivers Casino Pittsburgh", "city": "Pittsburgh", "state": "PA", "type": "Casino", "pokerAtlasUrl": "https://www.pokeratlas.com/poker-room/rivers-casino-pittsburgh"},
    {"name": "Mount Airy Casino", "city": "Mount Pocono", "state": "PA", "type": "Casino", "pokerAtlasUrl": "https://www.pokeratlas.com/poker-room/mount-airy-casino-mt-pocono"},
    {"name": "Hollywood Casino Grantville", "city": "Grantville", "state": "PA", "type": "Casino", "pokerAtlasUrl": "https://www.pokeratlas.com/poker-room/hollywood-penn-natl-grantville"},
    {"name": "Bally's Twin River Lincoln", "city": "Lincoln", "state": "RI", "type": "Casino", "pokerAtlasUrl": "https://www.pokeratlas.com/poker-room/ballys-twin-river-lincoln"},
    {"name": "Muckleshoot Casino", "city": "Auburn", "state": "WA", "type": "Casino", "pokerAtlasUrl": "https://www.pokeratlas.com/poker-room/muckleshoot-casino-auburn"},
    {"name": "Tulalip Resort Casino", "city": "Tulalip", "state": "WA", "type": "Casino", "pokerAtlasUrl": "https://www.pokeratlas.com/poker-room/tulalip-casino-marysville"},
    {"name": "Snoqualmie Casino", "city": "Snoqualmie", "state": "WA", "type": "Casino", "pokerAtlasUrl": "https://www.pokeratlas.com/poker-room/snoqualmie-casino"},
    {"name": "Northern Quest Casino", "city": "Airway Heights", "state": "WA", "type": "Casino", "pokerAtlasUrl": "https://www.pokeratlas.com/poker-room/northern-quest-airway-heights"},
    {"name": "Potawatomi Casino Hotel", "city": "Milwaukee", "state": "WI", "type": "Casino", "pokerAtlasUrl": "https://www.pokeratlas.com/poker-room/potawatomi-casino-milwaukee"},
    {"name": "Oneida Casino", "city": "Green Bay", "state": "WI", "type": "Casino", "pokerAtlasUrl": "https://www.pokeratlas.com/poker-room/oneida-casino-green-bay"},
    {"name": "101 Poker Club", "city": "Katy", "state": "TX", "type": "Card Room", "pokerAtlasUrl": "https://www.pokeratlas.com/poker-room/101-poker-club-katy"},
    {"name": "Ace 1 Social Club", "city": "Corpus Christi", "state": "TX", "type": "Card Room", "pokerAtlasUrl": "https://www.pokeratlas.com/poker-room/ace-1-social-club-corpus-christi"},
    {"name": "Aggieland Poker Club", "city": "College Station", "state": "TX", "type": "Card Room", "pokerAtlasUrl": "https://www.pokeratlas.com/poker-room/aggieland-poker-club-college-station"},
    {"name": "Alamo Card House 2", "city": "San Antonio", "state": "TX", "type": "Card Room", "pokerAtlasUrl": "https://www.pokeratlas.com/poker-room/alamo-card-house-2-san-antonio"},
    {"name": "Bullets Card Club", "city": "Austin", "state": "TX", "type": "Card Room", "pokerAtlasUrl": "https://www.pokeratlas.com/poker-room/bullets-card-club-austin"},
    {"name": "Doghouse Poker Club", "city": "Cypress", "state": "TX", "type": "Card Room", "pokerAtlasUrl": "https://www.pokeratlas.com/poker-room/doghouse-poker-club-cypress"},
    {"name": "Elite Poker Lounge", "city": "McAllen", "state": "TX", "type": "Card Room", "pokerAtlasUrl": "https://www.pokeratlas.com/poker-room/elite-poker-lounge-mcallen"},
    {"name": "Empire Poker Club", "city": "Houston", "state": "TX", "type": "Card Room", "pokerAtlasUrl": "https://www.pokeratlas.com/poker-room/empire-poker-club-houston"},
    {"name": "Gin Mill Card Club Lubbock", "city": "Lubbock", "state": "TX", "type": "Card Room", "pokerAtlasUrl": "https://www.pokeratlas.com/poker-room/gin-mill-card-club-lubbock"},
    {"name": "Jokers of Aggieland Poker Club", "city": "College Station", "state": "TX", "type": "Card Room", "pokerAtlasUrl": "https://www.pokeratlas.com/poker-room/jokers-of-aggieland-poker-club-college-station"},
    {"name": "KoJack's Poker Club", "city": "Midland", "state": "TX", "type": "Card Room", "pokerAtlasUrl": "https://www.pokeratlas.com/poker-room/kojacks-midland"},
    {"name": "Lodge Card Club Austin", "city": "Round Rock", "state": "TX", "type": "Card Room", "pokerAtlasUrl": "https://www.pokeratlas.com/poker-room/lodge-card-club-austin-round-rock"},
    {"name": "Lone Star Social", "city": "Cedar Park", "state": "TX", "type": "Card Room", "pokerAtlasUrl": "https://www.pokeratlas.com/poker-room/lone-star-social-cedar-park"},
    {"name": "On The River Social Club", "city": "San Marcos", "state": "TX", "type": "Card Room", "pokerAtlasUrl": "https://www.pokeratlas.com/poker-room/on-the-river-social-club-san-marcos"},
    {"name": "Palace Poker", "city": "Grand Prairie", "state": "TX", "type": "Card Room", "pokerAtlasUrl": "https://www.pokeratlas.com/poker-room/palace-poker-grand-prairie"},
    {"name": "Poker House Fort Worth", "city": "Burleson", "state": "TX", "type": "Card Room", "pokerAtlasUrl": "https://www.pokeratlas.com/poker-room/poker-house-fort-worth-burleson"},
    {"name": "SA Card House", "city": "San Antonio", "state": "TX", "type": "Card Room", "pokerAtlasUrl": "https://www.pokeratlas.com/poker-room/sa-card-house-san-antonio"},
    {"name": "Shuffle 214", "city": "Dallas", "state": "TX", "type": "Card Room", "pokerAtlasUrl": "https://www.pokeratlas.com/poker-room/shuffle-214-dallas"},
    {"name": "Shuffle 512", "city": "Austin", "state": "TX", "type": "Card Room", "pokerAtlasUrl": "https://www.pokeratlas.com/poker-room/shuffle-512-austin"},
    {"name": "Spades Poker House", "city": "Webster", "state": "TX", "type": "Card Room", "pokerAtlasUrl": "https://www.pokeratlas.com/poker-room/spades-poker-house-webster"},
    {"name": "Spades Poker House Baytown", "city": "Baytown", "state": "TX", "type": "Card Room", "pokerAtlasUrl": "https://www.pokeratlas.com/poker-room/spades-poker-house-baytown"},
    {"name": "TCH Social Austin", "city": "Austin", "state": "TX", "type": "Card Room", "pokerAtlasUrl": "https://www.pokeratlas.com/poker-room/tch-social-austin"},
    {"name": "TCH Social Las Colinas", "city": "Irving", "state": "TX", "type": "Card Room", "pokerAtlasUrl": "https://www.pokeratlas.com/poker-room/tch-social-las-colinas-irving"},
    {"name": "Texas Card House Dallas", "city": "Dallas", "state": "TX", "type": "Card Room", "pokerAtlasUrl": "https://www.pokeratlas.com/poker-room/texas-card-house-dallas"},
    {"name": "Texas Card House Houston", "city": "Spring", "state": "TX", "type": "Card Room", "pokerAtlasUrl": "https://www.pokeratlas.com/poker-room/texas-card-house-houston"},
    {"name": "Texas Card House Rio Grande Valley", "city": "Edinburg", "state": "TX", "type": "Card Room", "pokerAtlasUrl": "https://www.pokeratlas.com/poker-room/texas-card-house-rio-grande-valley-edinburg"},
    {"name": "Texas Card House Spring", "city": "Spring", "state": "TX", "type": "Card Room", "pokerAtlasUrl": "https://www.pokeratlas.com/poker-room/texas-card-house-spring"},
    {"name": "The Big Blind", "city": "San Antonio", "state": "TX", "type": "Card Room", "pokerAtlasUrl": "https://www.pokeratlas.com/poker-room/big-blind-san-antonio"},
    {"name": "The Hangar Poker House", "city": "Humble", "state": "TX", "type": "Card Room", "pokerAtlasUrl": "https://www.pokeratlas.com/poker-room/hangar-poker-house-humble"},
    {"name": "Bankers Casino", "city": "Salinas", "state": "CA", "type": "Card Room", "pokerAtlasUrl": "https://www.pokeratlas.com/poker-room/bankers-casino-salinas"},
    {"name": "Oaks Card Club", "city": "Emeryville", "state": "CA", "type": "Card Room", "pokerAtlasUrl": "https://www.pokeratlas.com/poker-room/oaks-card-club-emeryville"},
    {"name": "Stones Gambling Hall", "city": "Citrus Heights", "state": "CA", "type": "Card Room", "pokerAtlasUrl": "https://www.pokeratlas.com/poker-room/stones-gambling-hall-citrus-heights"},
    {"name": "Artichoke Joe's Casino", "city": "San Bruno", "state": "CA", "type": "Card Room", "pokerAtlasUrl": "https://www.pokeratlas.com/poker-room/artichoke-joes-san-bruno"},
    {"name": "Lucky Chances Casino", "city": "Colma", "state": "CA", "type": "Card Room", "pokerAtlasUrl": "https://www.pokeratlas.com/poker-room/lucky-chances-colma"},
    {"name": "Capitol Casino", "city": "Sacramento", "state": "CA", "type": "Card Room", "pokerAtlasUrl": "https://www.pokeratlas.com/poker-room/capitol-casino-sacramento"},
    {"name": "Limelight Card Room", "city": "Sacramento", "state": "CA", "type": "Card Room", "pokerAtlasUrl": "https://www.pokeratlas.com/poker-room/limelight-card-room-sacramento"},
    {"name": "Kings Card Club", "city": "Stockton", "state": "CA", "type": "Card Room", "pokerAtlasUrl": "https://www.pokeratlas.com/poker-room/kings-card-club-stockton"},
    {"name": "Parkwest Casino Cordova", "city": "Rancho Cordova", "state": "CA", "type": "Card Room", "pokerAtlasUrl": "https://www.pokeratlas.com/poker-room/parkwest-rancho-cordova"},
    {"name": "Parkwest Casino Lotus", "city": "Sacramento", "state": "CA", "type": "Card Room", "pokerAtlasUrl": "https://www.pokeratlas.com/poker-room/lotus-sacramento"},
    {"name": "Casino 99", "city": "Chico", "state": "CA", "type": "Card Room", "pokerAtlasUrl": "https://www.pokeratlas.com/poker-room/casino-99-chico"},
    {"name": "Turlock Poker Room", "city": "Turlock", "state": "CA", "type": "Card Room", "pokerAtlasUrl": "https://www.pokeratlas.com/poker-room/turlock-poker-room"},
    {"name": "Garlic City Casino", "city": "Gilroy", "state": "CA", "type": "Card Room", "pokerAtlasUrl": "https://www.pokeratlas.com/poker-room/garlic-city-casino-gilroy"},
    {"name": "California Grand Casino", "city": "Pacheco", "state": "CA", "type": "Card Room", "pokerAtlasUrl": "https://www.pokeratlas.com/poker-room/california-grand-pacheco"},
    {"name": "Livermore Casino", "city": "Livermore", "state": "CA", "type": "Card Room", "pokerAtlasUrl": "https://www.pokeratlas.com/poker-room/livermore-casino-livermore"},
    {"name": "Seat Open Poker Room", "city": "Bozeman", "state": "MT", "type": "Card Room", "pokerAtlasUrl": "https://www.pokeratlas.com/poker-room/seat-open-bozeman"},
    {"name": "Shooters Poker Room", "city": "Billings", "state": "MT", "type": "Card Room", "pokerAtlasUrl": "https://www.pokeratlas.com/poker-room/shooters-poker-room-billings"},
    {"name": "Derby Lane Poker Room", "city": "St. Petersburg", "state": "FL", "type": "Card Room", "pokerAtlasUrl": "https://www.pokeratlas.com/poker-room/derby-lane-st-petersburg"},
    {"name": "Oxford Downs Poker Room", "city": "Summerfield", "state": "FL", "type": "Card Room", "pokerAtlasUrl": "https://www.pokeratlas.com/poker-room/oxford-downs-summerfield"},
    {"name": "Orange City Racing & Card Club", "city": "Orange City", "state": "FL", "type": "Card Room", "pokerAtlasUrl": "https://www.pokeratlas.com/poker-room/orange-city"},
    {"name": "Daytona Racing & Card Club", "city": "Daytona Beach", "state": "FL", "type": "Card Room", "pokerAtlasUrl": "https://www.pokeratlas.com/poker-room/daytona-beach"},
    {"name": "Ebro Poker Room", "city": "Ebro", "state": "FL", "type": "Card Room", "pokerAtlasUrl": "https://www.pokeratlas.com/poker-room/ebro-poker-room"},
    {"name": "Silks Poker Tampa Bay Downs", "city": "Tampa", "state": "FL", "type": "Card Room", "pokerAtlasUrl": null},
    {"name": "TGT Poker & Racebook", "city": "Tampa", "state": "FL", "type": "Card Room", "pokerAtlasUrl": null},
    {"name": "One-Eyed Jacks Poker", "city": "Sarasota", "state": "FL", "type": "Card Room", "pokerAtlasUrl": "https://www.pokeratlas.com/poker-room/one-eyed-jacks-sarasota"},
    {"name": "bestbet Jacksonville", "city": "Jacksonville", "state": "FL", "type": "Card Room", "pokerAtlasUrl": "https://www.pokeratlas.com/poker-room/bestbet-jacksonville"},
    {"name": "bestbet Orange Park", "city": "Orange Park", "state": "FL", "type": "Card Room", "pokerAtlasUrl": "https://www.pokeratlas.com/poker-room/bestbet-orange-park"},
    {"name": "bestbet St. Augustine", "city": "St. Augustine", "state": "FL", "type": "Card Room", "pokerAtlasUrl": "https://www.pokeratlas.com/poker-room/bestbet-st-augustine"},
    {"name": "Palm Beach Kennel Club", "city": "West Palm Beach", "state": "FL", "type": "Card Room", "pokerAtlasUrl": "https://www.pokeratlas.com/poker-room/palm-beach-kc-west-palm-beach"},
    {"name": "Creek Entertainment", "city": "Gretna", "state": "FL", "type": "Card Room", "pokerAtlasUrl": null},
    {"name": "Pensacola Greyhound", "city": "Pensacola", "state": "FL", "type": "Card Room", "pokerAtlasUrl": null},
    {"name": "Final Table Poker Club", "city": "Portland", "state": "OR", "type": "Card Room", "pokerAtlasUrl": "https://www.pokeratlas.com/poker-room/final-table-poker-club-portland"},
    {"name": "Medford Social Club Poker Room", "city": "Medford", "state": "OR", "type": "Card Room", "pokerAtlasUrl": null},
    {"name": "Oregon Poker Club - Kit Kat Club", "city": "Portland", "state": "OR", "type": "Card Room", "pokerAtlasUrl": null},
    {"name": "Oregon Poker Club - Rialto Pool Room", "city": "Portland", "state": "OR", "type": "Card Room", "pokerAtlasUrl": null},
    {"name": "Oregon Poker Club - Stadiums Sports Bar", "city": "Portland", "state": "OR", "type": "Card Room", "pokerAtlasUrl": null},
    {"name": "The Game", "city": "Portland", "state": "OR", "type": "Card Room", "pokerAtlasUrl": null},
    {"name": "High Mountain Poker", "city": "Eugene", "state": "OR", "type": "Card Room", "pokerAtlasUrl": "https://www.pokeratlas.com/poker-room/high-mountain-poker-eugene"},
    {"name": "Full House Poker", "city": "Eugene", "state": "OR", "type": "Card Room", "pokerAtlasUrl": "https://www.pokeratlas.com/poker-room/full-house-poker-eugene"},
    {"name": "The Brook Poker Room", "city": "Seabrook", "state": "NH", "type": "Card Room", "pokerAtlasUrl": "https://www.pokeratlas.com/poker-room/the-brook-seabrook"},
    {"name": "Burton Eagles Poker Room", "city": "Burton", "state": "MI", "type": "Charity", "pokerAtlasUrl": null},
    {"name": "DiCicco's Poker Room", "city": "Shelby Township", "state": "MI", "type": "Charity", "pokerAtlasUrl": "https://www.pokeratlas.com/poker-room/dicicco-s-poker-room-shelby-township"},
    {"name": "G's Charity Poker", "city": "Shelby Township", "state": "MI", "type": "Charity", "pokerAtlasUrl": "https://www.pokeratlas.com/poker-room/gs-charity-poker-shelby-township"},
    {"name": "Kings Poker Room", "city": "Grand Rapids", "state": "MI", "type": "Charity", "pokerAtlasUrl": "https://www.pokeratlas.com/poker-room/kings-poker-room-grand-rapids"},
    {"name": "Muskegon Poker Room", "city": "Muskegon", "state": "MI", "type": "Charity", "pokerAtlasUrl": "https://www.pokeratlas.com/poker-room/muskegon-poker-room-muskegon"},
    {"name": "Owosso Poker Room", "city": "Owosso", "state": "MI", "type": "Charity", "pokerAtlasUrl": null},
    {"name": "Paradise Poker", "city": "Utica", "state": "MI", "type": "Charity", "pokerAtlasUrl": "https://www.pokeratlas.com/poker-room/paradise-poker-utica"},
    {"name": "Rosemack Poker Room", "city": "Roseville", "state": "MI", "type": "Charity", "pokerAtlasUrl": "https://www.pokeratlas.com/poker-room/rosemack-roseville"},
    {"name": "Roundtree Poker Room", "city": "Ypsilanti", "state": "MI", "type": "Charity", "pokerAtlasUrl": "https://www.pokeratlas.com/poker-room/roundtree-poker-room-ypsilanti"},
    {"name": "The Event Spot Poker Room", "city": "Clawson", "state": "MI", "type": "Charity", "pokerAtlasUrl": "https://www.pokeratlas.com/poker-room/event-spot-poker-room-clawson"},
    {"name": "The Saginaw Poker Room", "city": "Saginaw", "state": "MI", "type": "Charity", "pokerAtlasUrl": "https://www.pokeratlas.com/poker-room/saginaw-poker-room-saginaw"},
    {"name": "Thompson Poker Room", "city": "Ypsilanti", "state": "MI", "type": "Charity", "pokerAtlasUrl": "https://www.pokeratlas.com/poker-room/thompson-poker-room-ypsilanti"},
    {"name": "Waterford Card Room", "city": "Waterford", "state": "MI", "type": "Charity", "pokerAtlasUrl": "https://www.pokeratlas.com/poker-room/waterford-card-room-waterford"},
    {"name": "Krazy Kopz at Vision Lanes", "city": "Westland", "state": "MI", "type": "Charity", "pokerAtlasUrl": "https://www.pokeratlas.com/poker-room/krazy-kopz-vision-lanes-westland"},
    {"name": "Krazy Kopz @ The Ivory Room", "city": "Westland", "state": "MI", "type": "Charity", "pokerAtlasUrl": null},
    {"name": "Legends Poker Place of Metamora", "city": "Metamora", "state": "MI", "type": "Charity", "pokerAtlasUrl": "https://www.pokeratlas.com/poker-room/legends-poker-place-of-metamora"},
    {"name": "Momo's Poker Room", "city": "Taylor", "state": "MI", "type": "Charity", "pokerAtlasUrl": "https://www.pokeratlas.com/poker-room/momo-s-poker-room-taylor"},
    {"name": "Ace High Poker Club", "city": "Oxford", "state": "MI", "type": "Charity", "pokerAtlasUrl": "https://www.pokeratlas.com/poker-room/ace-high-poker-club-oxford"},
    {"name": "Canterbury Park Card Club", "city": "Shakopee", "state": "MN", "type": "Card Room", "pokerAtlasUrl": "https://www.pokeratlas.com/poker-room/canterbury-park-shakopee"}
  ],
  "byState": {
    "AZ": 3,
    "AR": 1,
    "CA": 34,
    "CT": 1,
    "FL": 16,
    "IL": 1,
    "MD": 2,
    "MA": 1,
    "MI": 23,
    "MN": 1,
    "MT": 2,
    "NC": 1,
    "NH": 1,
    "NY": 3,
    "OH": 3,
    "OK": 4,
    "OR": 11,
    "PA": 7,
    "RI": 1,
    "TX": 30,
    "WA": 4,
    "WI": 2
  },
  "byType": {
    "Casino": 60,
    "Card Room": 76,
    "Charity": 27
  }
}
