Venue Name,City,State,Venue Website,Current PokerAtlas URL (needs verification)
"Horseshoe Casino Tunica","Robinsonville","MS","","https://www.pokeratlas.com/poker-room/horseshoe-casino-tunica/tournaments"
"Emerald Island Casino","Henderson","NV","","https://www.pokeratlas.com/poker-room/emerald-island-casino/tournaments"
"French Lick Resort Casino","French Lick","IN","","https://www.pokeratlas.com/poker-room/french-lick-resort-casino/tournaments"
"TGT Poker & Racebook","Tampa","FL","","https://www.pokeratlas.com/poker-room/tgt-poker-and-racebook/tournaments"
"K of C Poker Room Livonia","Livonia","MI","","https://www.pokeratlas.com/poker-room/k-of-c-poker-room-livonia/tournaments"
"Running Aces Casino","Forest Lake","MN","","https://www.pokeratlas.com/poker-room/running-aces-casino/tournaments"
"Leelanau Sands Casino","Peshawbestown","MI","","https://www.pokeratlas.com/poker-room/leelanau-sands-casino/tournaments"
"Harrah's Pompano Beach","Pompano Beach","FL","","https://www.pokeratlas.com/poker-room/harrahs-pompano-beach/tournaments"
"Bridgeview Charity Poker","Bridgeview","IL","","https://www.pokeratlas.com/poker-room/bridgeview-charity-poker/tournaments"
"Casino M8trix","San Jose","CA","","https://www.pokeratlas.com/poker-room/casino-m8trix/tournaments"
"Black Bear Casino","Carlton","MN","","https://www.pokeratlas.com/poker-room/black-bear-casino/tournaments"
"Riverside Casino","Riverside","IA","","https://www.pokeratlas.com/poker-room/riverside-casino/tournaments"
"Legends Poker Room Austin","Austin","TX","","https://www.pokeratlas.com/poker-room/legends-poker-room-austin/tournaments"
"Aquarius Casino","Laughlin","NV","","https://www.pokeratlas.com/poker-room/aquarius-casino/tournaments"
"Lodge Card Club Austin","Round Rock","TX","","https://www.pokeratlas.com/poker-room/lodge-card-club-austin/tournaments"
"Big Poker","Houston","TX","","https://www.pokeratlas.com/poker-room/big-poker/tournaments"
"The Card Room ATX","Austin","TX","","https://www.pokeratlas.com/poker-room/the-card-room-atx/tournaments"
"Virgin River Casino","Mesquite","NV","","https://www.pokeratlas.com/poker-room/virgin-river-casino/tournaments"
"Desert Diamond Casino Sahuarita","Sahuarita","AZ","","https://www.pokeratlas.com/poker-room/desert-diamond-casino-sahuarita/tournaments"
"Aces Card Room","Houston","TX","","https://www.pokeratlas.com/poker-room/aces-card-room/tournaments"
"Borgata Hotel Casino","Atlantic City","NJ","","https://www.pokeratlas.com/poker-room/borgata-hotel-casino/tournaments"
"Win-River Casino","Redding","CA","","https://www.pokeratlas.com/poker-room/win-river-casino/tournaments"
"Isleta Resort Casino","Albuquerque","NM","","https://www.pokeratlas.com/poker-room/isleta-resort-casino/tournaments"
"All Star Lanes Casino","Silverdale","WA","","https://www.pokeratlas.com/poker-room/all-star-lanes-casino/tournaments"
"Abilene Card House","Abilene","TX","","https://www.pokeratlas.com/poker-room/abilene-card-house/tournaments"
"All In DFW","Dallas","TX","","https://www.pokeratlas.com/poker-room/all-in-dfw/tournaments"
"CasaBlanca Casino","Mesquite","NV","","https://www.pokeratlas.com/poker-room/casablanca-casino/tournaments"
"Club Fortune Casino","Henderson","NV","","https://www.pokeratlas.com/poker-room/club-fortune-casino/tournaments"
"Fort Worth Card Room","Fort Worth","TX","","https://www.pokeratlas.com/poker-room/fort-worth-card-room/tournaments"
"Card House Houston","Houston","TX","","https://www.pokeratlas.com/poker-room/card-house-houston/tournaments"
"Sterling Heights Poker","Sterling Heights","MI","","https://www.pokeratlas.com/poker-room/sterling-heights-poker/tournaments"
"Georgetown Poker Club","Georgetown","TX","","https://www.pokeratlas.com/poker-room/georgetown-poker-club/tournaments"
"Caribbean Gardens Casino","Colton","CA","","https://www.pokeratlas.com/poker-room/caribbean-gardens-casino/tournaments"
"Club Hollywood Casino","Shoreline","WA","","https://www.pokeratlas.com/poker-room/club-hollywood-casino/tournaments"
"Hollywood Casino York","York","PA","","https://www.pokeratlas.com/poker-room/hollywood-casino-york/tournaments"
"Parkwest Casino Manteca","Manteca","CA","","https://www.pokeratlas.com/poker-room/parkwest-casino-manteca/tournaments"
"Silverton Casino","Las Vegas","NV","","https://www.pokeratlas.com/poker-room/silverton-casino/tournaments"
"Prairie Meadows Casino","Altoona","IA","","https://www.pokeratlas.com/poker-room/prairie-meadows-casino/tournaments"
"Bighorn Casino","North Las Vegas","NV","","https://www.pokeratlas.com/poker-room/bighorn-casino/tournaments"
"Poker Palace Houston","Houston","TX","","https://www.pokeratlas.com/poker-room/poker-palace-houston/tournaments"
"Binions Gambling Hall","Las Vegas","NV","","https://www.pokeratlas.com/poker-room/binions-gambling-hall/tournaments"
"Caribbean Casino Kirkland","Kirkland","WA","","https://www.pokeratlas.com/poker-room/caribbean-casino-kirkland/tournaments"
"Crazy Moose Casino","Mountlake Terrace","WA","","https://www.pokeratlas.com/poker-room/crazy-moose-casino/tournaments"
"19th Hole Casino","San Bruno","CA","","https://www.pokeratlas.com/poker-room/19th-hole-casino/tournaments"
"The Chip Room","Houston","TX","","https://www.pokeratlas.com/poker-room/the-chip-room/tournaments"
"Ace High Card House","Dallas","TX","","https://www.pokeratlas.com/poker-room/ace-high-card-house/tournaments"
"Chips Casino Lakewood","Lakewood","WA","","https://www.pokeratlas.com/poker-room/chips-casino-lakewood/tournaments"
"Pearland Poker","Pearland","TX","","https://www.pokeratlas.com/poker-room/pearland-poker/tournaments"
"River Card Club","Houston","TX","","https://www.pokeratlas.com/poker-room/river-card-club/tournaments"
"Chinook Winds Casino","Lincoln City","OR","","https://www.pokeratlas.com/poker-room/chinook-winds-casino/tournaments"
"Lawrence Poker Room","Lawrence","KS","","https://www.pokeratlas.com/poker-room/lawrence-poker-room/tournaments"
"Overland Park Poker","Overland Park","KS","","https://www.pokeratlas.com/poker-room/overland-park-poker/tournaments"
"The Poker Gallery","Dallas","TX","","https://www.pokeratlas.com/poker-room/the-poker-gallery/tournaments"
"Silver Dollar Casino Seatac","SeaTac","WA","","https://www.pokeratlas.com/poker-room/silver-dollar-casino-seatac/tournaments"
"Live Casino Pittsburgh","Pittsburgh","PA","","https://www.pokeratlas.com/poker-room/live-casino-pittsburgh/tournaments"
"The Pass Casino","Henderson","NV","","https://www.pokeratlas.com/poker-room/the-pass-casino/tournaments"
"Aviator Casino","Delano","CA","","https://www.pokeratlas.com/poker-room/aviator-casino/tournaments"
"Station Poker Club","Houston","TX","","https://www.pokeratlas.com/poker-room/station-poker-club/tournaments"
"California Grand Casino","Pacheco","CA","","https://www.pokeratlas.com/poker-room/california-grand-casino/tournaments"
"Milwaukee Poker Club","Milwaukee","WI","","https://www.pokeratlas.com/poker-room/milwaukee-poker-club/tournaments"
"Turning Stone Casino","Verona","NY","","https://www.pokeratlas.com/poker-room/turning-stone-casino/tournaments"
"Oneida Casino","Green Bay","WI","","https://www.pokeratlas.com/poker-room/oneida-casino/tournaments"
"Stables Casino","Miami","OK","","https://www.pokeratlas.com/poker-room/stables-casino/tournaments"
"SunRay Park Casino","Farmington","NM","","https://www.pokeratlas.com/poker-room/sunray-park-casino/tournaments"
"Cripple Creek Double Eagle","Cripple Creek","CO","","https://www.pokeratlas.com/poker-room/cripple-creek-double-eagle/tournaments"
"Zia Park Casino","Hobbs","NM","","https://www.pokeratlas.com/poker-room/zia-park-casino/tournaments"
"Catawba Two Kings Casino","Kings Mountain","NC","","https://www.pokeratlas.com/poker-room/catawba-two-kings-casino/tournaments"
"Canton Poker Room","Canton","MI","","https://www.pokeratlas.com/poker-room/canton-poker-room/tournaments"
"Grand Rapids Charity Poker","Grand Rapids","MI","","https://www.pokeratlas.com/poker-room/grand-rapids-charity-poker/tournaments"
"Fort Worth Poker Club","Fort Worth","TX","","https://www.pokeratlas.com/poker-room/fort-worth-poker-club/tournaments"
"Fairfax Poker Club","Fairfax","VA","","https://www.pokeratlas.com/poker-room/fairfax-poker-club/tournaments"
"Atlanta Poker Club","Atlanta","GA","","https://www.pokeratlas.com/poker-room/atlanta-poker-club/tournaments"
"Plainridge Park Casino","Plainville","MA","","https://www.pokeratlas.com/poker-room/plainridge-park-casino/tournaments"
"Kalamazoo Charity Poker","Kalamazoo","MI","","https://www.pokeratlas.com/poker-room/kalamazoo-charity-poker/tournaments"
"Horseshoe St Louis","Maryland Heights","MO","","https://www.pokeratlas.com/poker-room/horseshoe-st-louis/tournaments"
"789 Casino","Riverton","WY","","https://www.pokeratlas.com/poker-room/789-casino/tournaments"
"Cadillac Jacks Gaming Resort","Deadwood","SD","","https://www.pokeratlas.com/poker-room/cadillac-jacks-gaming-resort/tournaments"
"Deadwood Mountain Grand","Deadwood","SD","","https://www.pokeratlas.com/poker-room/deadwood-mountain-grand/tournaments"
"Sarasota Poker Room","Sarasota","FL","","https://www.pokeratlas.com/poker-room/sarasota-poker-room/tournaments"
"Royal Casino","Everett","WA","","https://www.pokeratlas.com/poker-room/royal-casino/tournaments"
"Diamond Jo Worth","Northwood","IA","","https://www.pokeratlas.com/poker-room/diamond-jo-worth/tournaments"
"Agua Caliente Casino Palm Springs","Palm Springs","CA","","https://www.pokeratlas.com/poker-room/agua-caliente-casino-palm-springs/tournaments"
"Chicago Charitable Games","Chicago","IL","","https://www.pokeratlas.com/poker-room/chicago-charitable-games/tournaments"
"Kickapoo Casino Shawnee","Shawnee","OK","","https://www.pokeratlas.com/poker-room/kickapoo-casino-shawnee/tournaments"
"IP Casino Resort","Biloxi","MS","","https://www.pokeratlas.com/poker-room/ip-casino-resort/tournaments"
"Wild Rose Emmetsburg","Emmetsburg","IA","","https://www.pokeratlas.com/poker-room/wild-rose-emmetsburg/tournaments"
"Silver Reef Casino","Ferndale","WA","","https://www.pokeratlas.com/poker-room/silver-reef-casino/tournaments"
"Silks Poker Room","Tampa","FL","","https://www.pokeratlas.com/poker-room/silks-poker-room/tournaments"
"Diamond Jo Dubuque","Dubuque","IA","","https://www.pokeratlas.com/poker-room/diamond-jo-dubuque/tournaments"
"New York New York","Las Vegas","NV","","https://www.pokeratlas.com/poker-room/new-york-new-york/tournaments"
"Quapaw Casino","Quapaw","OK","","https://www.pokeratlas.com/poker-room/quapaw-casino/tournaments"
"Comanche Nation Casino","Lawton","OK","","https://www.pokeratlas.com/poker-room/comanche-nation-casino/tournaments"
"Baltimore Poker Club","Baltimore","MD","","https://www.pokeratlas.com/poker-room/baltimore-poker-club/tournaments"
"SugarHouse Casino","Philadelphia","PA","","https://www.pokeratlas.com/poker-room/sugarhouse-casino/tournaments"
"Bluewater Casino","Parker","AZ","","https://www.pokeratlas.com/poker-room/bluewater-casino/tournaments"
"White Oak Casino","Deer River","MN","","https://www.pokeratlas.com/poker-room/white-oak-casino/tournaments"
"Central Illinois Charitable Games","Peoria","IL","","https://www.pokeratlas.com/poker-room/central-illinois-charitable-games/tournaments"
"Morongo Casino","Cabazon","CA","","https://www.pokeratlas.com/poker-room/morongo-casino/tournaments"
"Knoxville Poker Room","Knoxville","TN","","https://www.pokeratlas.com/poker-room/knoxville-poker-room/tournaments"
"Diamond Jims Casino","Rosamond","CA","","https://www.pokeratlas.com/poker-room/diamond-jims-casino/tournaments"
"Yavapai Casino","Prescott","AZ","","https://www.pokeratlas.com/poker-room/yavapai-casino/tournaments"
"Springfield Charity Poker","Springfield","IL","","https://www.pokeratlas.com/poker-room/springfield-charity-poker/tournaments"
"Racine Poker Club","Racine","WI","","https://www.pokeratlas.com/poker-room/racine-poker-club/tournaments"
"Bordertown Casino","Wyandotte","OK","","https://www.pokeratlas.com/poker-room/bordertown-casino/tournaments"
"Mohegan Sun Casino","Uncasville","CT","","https://www.pokeratlas.com/poker-room/mohegan-sun-casino/tournaments"
"Ann Arbor Poker Club","Ann Arbor","MI","","https://www.pokeratlas.com/poker-room/ann-arbor-poker-club/tournaments"
"Fort Mojave Casino","Needles","CA","","https://www.pokeratlas.com/poker-room/fort-mojave-casino/tournaments"
"Myrtle Beach Poker","Myrtle Beach","SC","","https://www.pokeratlas.com/poker-room/myrtle-beach-poker/tournaments"
"Harrahs Philadelphia","Chester","PA","","https://www.pokeratlas.com/poker-room/harrahs-philadelphia/tournaments"
"Seneca Allegany Casino","Salamanca","NY","","https://www.pokeratlas.com/poker-room/seneca-allegany-casino/tournaments"
"Downstream Casino","Quapaw","OK","","https://www.pokeratlas.com/poker-room/downstream-casino/tournaments"
"Stillaguamish Casino","Arlington","WA","","https://www.pokeratlas.com/poker-room/stillaguamish-casino/tournaments"
"Red Rock Casino Stillwater","Stillwater","OK","","https://www.pokeratlas.com/poker-room/red-rock-casino-stillwater/tournaments"
"Iron Horse Bar Casino","Pawhuska","OK","","https://www.pokeratlas.com/poker-room/iron-horse-bar-casino/tournaments"
"Atlantis Casino","Reno","NV","","https://www.pokeratlas.com/poker-room/atlantis-casino/tournaments"
"Augusta Poker Club","Augusta","GA","","https://www.pokeratlas.com/poker-room/augusta-poker-club/tournaments"
"Kings Poker Club","Austin","TX","","https://www.pokeratlas.com/poker-room/kings-poker-club/tournaments"
"Seabrook Poker Room","Seabrook","NH","","https://www.pokeratlas.com/poker-room/seabrook-poker-room/tournaments"
"Vision Lanes Poker Room","Westland","MI","","https://www.pokeratlas.com/poker-room/vision-lanes-poker-room/tournaments"
"Sugarhouse Casino","Philadelphia","PA","","https://www.pokeratlas.com/poker-room/sugarhouse-casino/tournaments"
"Borgata Poker Room","Atlantic City","NJ","","https://www.pokeratlas.com/poker-room/borgata-poker-room/tournaments"
"Mohegan Sun Poker","Uncasville","CT","","https://www.pokeratlas.com/poker-room/mohegan-sun-poker/tournaments"
"The Poker Room Houston","Houston","TX","","https://www.pokeratlas.com/poker-room/the-poker-room-houston/tournaments"
"Woodlands Poker Club","The Woodlands","TX","","https://www.pokeratlas.com/poker-room/woodlands-poker-club/tournaments"
"College Station Poker","College Station","TX","","https://www.pokeratlas.com/poker-room/college-station-poker/tournaments"
"Resorts World Poker","Las Vegas","NV","","https://www.pokeratlas.com/poker-room/resorts-world-poker/tournaments"
"Swinomish Casino & Lodge","Anacortes","WA","","https://www.pokeratlas.com/poker-room/swinomish-casino-and-lodge/tournaments"
"Northern Waters Casino","Watersmeet","MI","","https://www.pokeratlas.com/poker-room/northern-waters-casino/tournaments"
"Twin Arrows Casino","Flagstaff","AZ","","https://www.pokeratlas.com/poker-room/twin-arrows-casino/tournaments"
"Oxford Casino","Oxford","ME","","https://www.pokeratlas.com/poker-room/oxford-casino/tournaments"
"Grand Falls Casino Sioux Falls","Larchwood","IA","","https://www.pokeratlas.com/poker-room/grand-falls-casino-sioux-falls/tournaments"
"Texas Poker Palace","Houston","TX","","https://www.pokeratlas.com/poker-room/texas-poker-palace/tournaments"
"Spokane Tribe Casino","Airway Heights","WA","","https://www.pokeratlas.com/poker-room/spokane-tribe-casino/tournaments"
"Virginia Beach Poker","Virginia Beach","VA","","https://www.pokeratlas.com/poker-room/virginia-beach-poker/tournaments"
"Katy Poker Room","Katy","TX","","https://www.pokeratlas.com/poker-room/katy-poker-room/tournaments"
"Last Frontier Poker","Fairbanks","AK","","https://www.pokeratlas.com/poker-room/last-frontier-poker/tournaments"
"Port Huron Poker","Port Huron","MI","","https://www.pokeratlas.com/poker-room/port-huron-poker/tournaments"
"Hollywood Casino Bangor","Bangor","ME","","https://www.pokeratlas.com/poker-room/hollywood-casino-bangor/tournaments"
"Diamond Jo Casino Worth","Northwood","IA","","https://www.pokeratlas.com/poker-room/diamond-jo-casino-worth/tournaments"
"Osage Casino Bartlesville","Bartlesville","OK","","https://www.pokeratlas.com/poker-room/osage-casino-bartlesville/tournaments"
"Laredo Poker Room","Laredo","TX","","https://www.pokeratlas.com/poker-room/laredo-poker-room/tournaments"
"Ameristar East Chicago","East Chicago","IN","","https://www.pokeratlas.com/poker-room/ameristar-east-chicago/tournaments"
"Palace Casino Lakewood","Lakewood","WA","","https://www.pokeratlas.com/poker-room/palace-casino-lakewood/tournaments"
"Juneau Card Room","Juneau","AK","","https://www.pokeratlas.com/poker-room/juneau-card-room/tournaments"
"Lucky Lils Casino","Billings","MT","","https://www.pokeratlas.com/poker-room/lucky-lils-casino/tournaments"
"Jakes Bar Missoula","Missoula","MT","","https://www.pokeratlas.com/poker-room/jakes-bar-missoula/tournaments"
"Limelight Poker","Austin","TX","","https://www.pokeratlas.com/poker-room/limelight-poker/tournaments"
"Kootenai River Inn","Bonners Ferry","ID","","https://www.pokeratlas.com/poker-room/kootenai-river-inn/tournaments"
"Town Pump Casino","Helena","MT","","https://www.pokeratlas.com/poker-room/town-pump-casino/tournaments"
"South Bend Poker Room","South Bend","IN","","https://www.pokeratlas.com/poker-room/south-bend-poker-room/tournaments"
"Silver Dollar Casino","Kalispell","MT","","https://www.pokeratlas.com/poker-room/silver-dollar-casino/tournaments"
"Fort Hall Casino","Fort Hall","ID","","https://www.pokeratlas.com/poker-room/fort-hall-casino/tournaments"
"FireKeepers Battle Creek","Battle Creek","MI","","https://www.pokeratlas.com/poker-room/firekeepers-battle-creek/tournaments"
"Horseshoe Tunica","Robinsonville","MS","","https://www.pokeratlas.com/poker-room/horseshoe-tunica/tournaments"
"Live! Casino & Hotel Maryland","Hanover","MD","","https://www.pokeratlas.com/poker-room/live-casino-and-hotel-maryland/tournaments"
"Casino del Mar","San Juan","PR","","https://www.pokeratlas.com/poker-room/casino-del-mar/tournaments"
"Tin Lizzie Casino","Deadwood","SD","","https://www.pokeratlas.com/poker-room/tin-lizzie-casino/tournaments"
"Raleigh Poker Club","Raleigh","NC","","https://www.pokeratlas.com/poker-room/raleigh-poker-club/tournaments"
"Cherokee Harrahs Cherokee","Cherokee","NC","","https://www.pokeratlas.com/poker-room/cherokee-harrahs-cherokee/tournaments"
"M Resort Poker","Henderson","NV","","https://www.pokeratlas.com/poker-room/m-resort-poker/tournaments"
"South Point Casino","Las Vegas","NV","","https://www.pokeratlas.com/poker-room/south-point-casino/tournaments"
"Champions Club","Houston","TX","","https://www.pokeratlas.com/poker-room/champions-club/tournaments"
"Wynn Poker Room","Las Vegas","NV","","https://www.pokeratlas.com/poker-room/wynn-poker-room/tournaments"
"The Mint Gaming Hall","Williamstown","KY","","https://www.pokeratlas.com/poker-room/the-mint-gaming-hall/tournaments"
"Great American Casino Tukwila","Tukwila","WA","","https://www.pokeratlas.com/poker-room/great-american-casino-tukwila/tournaments"
"Club 52 Melbourne","Melbourne","FL","","https://www.pokeratlas.com/poker-room/club-52-melbourne/tournaments"
"Sky Dancer Casino","Belcourt","ND","","https://www.pokeratlas.com/poker-room/sky-dancer-casino/tournaments"
"Appleton Poker Room","Appleton","WI","","https://www.pokeratlas.com/poker-room/appleton-poker-room/tournaments"
"Iron Horse Casino","Emerson","NE","","https://www.pokeratlas.com/poker-room/iron-horse-casino/tournaments"
"Potawatomi Hotel & Casino","Milwaukee","WI","","https://www.pokeratlas.com/poker-room/potawatomi-hotel-and-casino/tournaments"
"Colorado Card Room","Black Hawk","CO","","https://www.pokeratlas.com/poker-room/colorado-card-room/tournaments"
"Derby City Gaming","Louisville","KY","","https://www.pokeratlas.com/poker-room/derby-city-gaming/tournaments"
"Motor City Poker Room","Roseville","MI","","https://www.pokeratlas.com/poker-room/motor-city-poker-room/tournaments"
"Boston Billiard Club Poker","Boston","MA","","https://www.pokeratlas.com/poker-room/boston-billiard-club-poker/tournaments"
"Wizards Casino","Burien","WA","","https://www.pokeratlas.com/poker-room/wizards-casino/tournaments"
"Sams Town Poker","Las Vegas","NV","","https://www.pokeratlas.com/poker-room/sams-town-poker/tournaments"
"Final Table Poker","Portland","OR","","https://www.pokeratlas.com/poker-room/final-table-poker/tournaments"
"Angel of the Winds Casino Resort","Arlington","WA","","https://www.pokeratlas.com/poker-room/angel-of-the-winds-casino-resort/tournaments"
"Casino Royale Bakersfield","Bakersfield","CA","","https://www.pokeratlas.com/poker-room/casino-royale-bakersfield/tournaments"
"Hawks Prairie Casino","Lacey","WA","","https://www.pokeratlas.com/poker-room/hawks-prairie-casino/tournaments"
"Aces Poker Mountlake Terrace","Mountlake Terrace","WA","","https://www.pokeratlas.com/poker-room/aces-poker-mountlake-terrace/tournaments"
"El Cortez Poker","Las Vegas","NV","","https://www.pokeratlas.com/poker-room/el-cortez-poker/tournaments"
"Horseshoe Indianapolis","Shelbyville","IN","","https://www.pokeratlas.com/poker-room/horseshoe-indianapolis/tournaments"
"MGM Grand at Foxwoods","Mashantucket","CT","","https://www.pokeratlas.com/poker-room/mgm-grand-at-foxwoods/tournaments"
"Horseshoe Casino Indiana","Elizabeth","IN","","https://www.pokeratlas.com/poker-room/horseshoe-casino-indiana/tournaments"
"The Hideaway Poker Club","Austin","TX","","https://www.pokeratlas.com/poker-room/the-hideaway-poker-club/tournaments"
"Daytona Beach Kennel Club","Daytona Beach","FL","","https://www.pokeratlas.com/poker-room/daytona-beach-kennel-club/tournaments"
"Main Event Poker Club","Dallas","TX","","https://www.pokeratlas.com/poker-room/main-event-poker-club/tournaments"
"Hawaiian Gardens Casino","Hawaiian Gardens","CA","","https://www.pokeratlas.com/poker-room/hawaiian-gardens-casino/tournaments"
"Pahrump Nugget","Pahrump","NV","","https://www.pokeratlas.com/poker-room/pahrump-nugget/tournaments"
"Paradise Casino","Yuma","AZ","","https://www.pokeratlas.com/poker-room/paradise-casino/tournaments"
"Green Bay Poker Room","Green Bay","WI","","https://www.pokeratlas.com/poker-room/green-bay-poker-room/tournaments"
"Hollywood Casino at Kansas Speedway","Kansas City","KS","","https://www.pokeratlas.com/poker-room/hollywood-casino-at-kansas-speedway/tournaments"
"Harrington Raceway & Casino","Harrington","DE","","https://www.pokeratlas.com/poker-room/harrington-raceway-and-casino/tournaments"
"Apache Gold Casino","San Carlos","AZ","","https://www.pokeratlas.com/poker-room/apache-gold-casino/tournaments"
"McKinney Poker Club","McKinney","TX","","https://www.pokeratlas.com/poker-room/mckinney-poker-club/tournaments"
"Topeka Poker Club","Topeka","KS","","https://www.pokeratlas.com/poker-room/topeka-poker-club/tournaments"
"Poker Guys DFW","Dallas","TX","","https://www.pokeratlas.com/poker-room/poker-guys-dfw/tournaments"
"Sioux City Poker","Sioux City","IA","","https://www.pokeratlas.com/poker-room/sioux-city-poker/tournaments"
"Capital Poker Club","Austin","TX","","https://www.pokeratlas.com/poker-room/capital-poker-club/tournaments"
"Wind River Hotel & Casino","Riverton","WY","","https://www.pokeratlas.com/poker-room/wind-river-hotel-and-casino/tournaments"
"Kojacks Poker Club","Houston","TX","","https://www.pokeratlas.com/poker-room/kojacks-poker-club/tournaments"
"Pocket Aces Poker","Houston","TX","","https://www.pokeratlas.com/poker-room/pocket-aces-poker/tournaments"
"River Poker Room","Austin","TX","","https://www.pokeratlas.com/poker-room/river-poker-room/tournaments"
"North Texas Poker","Plano","TX","","https://www.pokeratlas.com/poker-room/north-texas-poker/tournaments"
"Odessa Poker Club","Odessa","TX","","https://www.pokeratlas.com/poker-room/odessa-poker-club/tournaments"
"Bayou City Poker","Houston","TX","","https://www.pokeratlas.com/poker-room/bayou-city-poker/tournaments"
"Bay Mills Casino","Brimley","MI","","https://www.pokeratlas.com/poker-room/bay-mills-casino/tournaments"
"Tropicana Atlantic City Poker","Atlantic City","NJ","","https://www.pokeratlas.com/poker-room/tropicana-atlantic-city-poker/tournaments"
"North Padre Poker Club","Corpus Christi","TX","","https://www.pokeratlas.com/poker-room/north-padre-poker-club/tournaments"
"Kansas Star Casino","Mulvane","KS","","https://www.pokeratlas.com/poker-room/kansas-star-casino/tournaments"
"Boot Hill Casino","Dodge City","KS","","https://www.pokeratlas.com/poker-room/boot-hill-casino/tournaments"
"Chasers Card Room","Anchorage","AK","","https://www.pokeratlas.com/poker-room/chasers-card-room/tournaments"
"Manchester Poker Club","Manchester","NH","","https://www.pokeratlas.com/poker-room/manchester-poker-club/tournaments"
"Grand Forks Poker","Grand Forks","ND","","https://www.pokeratlas.com/poker-room/grand-forks-poker/tournaments"
"Charleston Poker Club","Charleston","SC","","https://www.pokeratlas.com/poker-room/charleston-poker-club/tournaments"
"Youngstown Poker Room","Youngstown","OH","","https://www.pokeratlas.com/poker-room/youngstown-poker-room/tournaments"
"San Angelo Poker","San Angelo","TX","","https://www.pokeratlas.com/poker-room/san-angelo-poker/tournaments"
"Bloomington Poker","Bloomington","IN","","https://www.pokeratlas.com/poker-room/bloomington-poker/tournaments"
"Concord Poker Room","Concord","NH","","https://www.pokeratlas.com/poker-room/concord-poker-room/tournaments"
"Dickinson Poker","Dickinson","ND","","https://www.pokeratlas.com/poker-room/dickinson-poker/tournaments"
"Derry Poker Room","Derry","NH","","https://www.pokeratlas.com/poker-room/derry-poker-room/tournaments"
"Lathrup Park Poker","Southfield","MI","","https://www.pokeratlas.com/poker-room/lathrup-park-poker/tournaments"
"Fort Wayne Poker Club","Fort Wayne","IN","","https://www.pokeratlas.com/poker-room/fort-wayne-poker-club/tournaments"
"Columbia Poker MO","Columbia","MO","","https://www.pokeratlas.com/poker-room/columbia-poker-mo/tournaments"
"Pala Casino","Pala","CA","","https://www.pokeratlas.com/poker-room/pala-casino/tournaments"
"Kewadin Casino St Ignace","St Ignace","MI","","https://www.pokeratlas.com/poker-room/kewadin-casino-st-ignace/tournaments"
"Harrington Raceway Casino","Harrington","DE","","https://www.pokeratlas.com/poker-room/harrington-raceway-casino/tournaments"
"Lakeside Hotel Casino","Osceola","IA","","https://www.pokeratlas.com/poker-room/lakeside-hotel-casino/tournaments"
"Cambridge Poker Club","Cambridge","MA","","https://www.pokeratlas.com/poker-room/cambridge-poker-club/tournaments"
"Bismarck Poker Room","Bismarck","ND","","https://www.pokeratlas.com/poker-room/bismarck-poker-room/tournaments"
"Venetian Poker Room","Las Vegas","NV","","https://www.pokeratlas.com/poker-room/venetian-poker-room/tournaments"
"Poker Palace","North Las Vegas","NV","","https://www.pokeratlas.com/poker-room/poker-palace/tournaments"
"Carmel Poker Club","Carmel","IN","","https://www.pokeratlas.com/poker-room/carmel-poker-club/tournaments"
"Harrahs Resort Atlantic City","Atlantic City","NJ","","https://www.pokeratlas.com/poker-room/harrahs-resort-atlantic-city/tournaments"
"Margaritaville Resort Casino","Bossier City","LA","","https://www.pokeratlas.com/poker-room/margaritaville-resort-casino/tournaments"
"Saratoga Casino Black Hawk","Black Hawk","CO","","https://www.pokeratlas.com/poker-room/saratoga-casino-black-hawk/tournaments"
"DFW Poker Club","Dallas","TX","","https://www.pokeratlas.com/poker-room/dfw-poker-club/tournaments"
"Grand Prairie Poker Room","Grand Prairie","TX","","https://www.pokeratlas.com/poker-room/grand-prairie-poker-room/tournaments"
"Helotes Poker Room","Helotes","TX","","https://www.pokeratlas.com/poker-room/helotes-poker-room/tournaments"
"Cedar Park Poker Club","Cedar Park","TX","","https://www.pokeratlas.com/poker-room/cedar-park-poker-club/tournaments"
"Treasure Chest Casino","Kenner","LA","","https://www.pokeratlas.com/poker-room/treasure-chest-casino/tournaments"
"Sheraton Casino","San Juan","PR","","https://www.pokeratlas.com/poker-room/sheraton-casino/tournaments"
"Jena Choctaw Pines Casino","Dry Prong","LA","","https://www.pokeratlas.com/poker-room/jena-choctaw-pines-casino/tournaments"
"Newport Grand Poker","Newport","RI","","https://www.pokeratlas.com/poker-room/newport-grand-poker/tournaments"
"Twin Pine Casino","Middletown","CA","","https://www.pokeratlas.com/poker-room/twin-pine-casino/tournaments"
"Eugene Poker Room","Eugene","OR","","https://www.pokeratlas.com/poker-room/eugene-poker-room/tournaments"
"Red Rock Poker Room","Las Vegas","NV","","https://www.pokeratlas.com/poker-room/red-rock-poker-room/tournaments"
"Mountaineer Casino","New Cumberland","WV","","https://www.pokeratlas.com/poker-room/mountaineer-casino/tournaments"
"Spirit Lake Casino","St Michael","ND","","https://www.pokeratlas.com/poker-room/spirit-lake-casino/tournaments"
"Ameristar Black Hawk","Black Hawk","CO","","https://www.pokeratlas.com/poker-room/ameristar-black-hawk/tournaments"
"Annapolis Poker Room","Annapolis","MD","","https://www.pokeratlas.com/poker-room/annapolis-poker-room/tournaments"
"Dover Downs Hotel & Casino","Dover","DE","","https://www.pokeratlas.com/poker-room/dover-downs-hotel-and-casino/tournaments"
"Isleta Resort & Casino","Albuquerque","NM","","https://www.pokeratlas.com/poker-room/isleta-resort-and-casino/tournaments"
"Lodge Poker Club","Round Rock","TX","","https://www.pokeratlas.com/poker-room/lodge-poker-club/tournaments"
"Aces Poker Room","San Antonio","TX","","https://www.pokeratlas.com/poker-room/aces-poker-room/tournaments"
"Kewadin Casino Sault Ste Marie","Sault Ste Marie","MI","","https://www.pokeratlas.com/poker-room/kewadin-casino-sault-ste-marie/tournaments"
"Brownsville Card Club","Brownsville","TX","","https://www.pokeratlas.com/poker-room/brownsville-card-club/tournaments"
"Garden City Casino","San Jose","CA","","https://www.pokeratlas.com/poker-room/garden-city-casino/tournaments"
"Midtown Poker Club","Houston","TX","","https://www.pokeratlas.com/poker-room/midtown-poker-club/tournaments"
"RGV Poker Club","McAllen","TX","","https://www.pokeratlas.com/poker-room/rgv-poker-club/tournaments"
"Poker Palace Waco","Waco","TX","","https://www.pokeratlas.com/poker-room/poker-palace-waco/tournaments"
"Aria Casino","Las Vegas","NV","","https://www.pokeratlas.com/poker-room/aria-casino/tournaments"
"Argosy Casino Riverside","Riverside","MO","","https://www.pokeratlas.com/poker-room/argosy-casino-riverside/tournaments"
"Round Rock Poker","Round Rock","TX","","https://www.pokeratlas.com/poker-room/round-rock-poker/tournaments"
"Q Casino","Dubuque","IA","","https://www.pokeratlas.com/poker-room/q-casino/tournaments"
"Watauga Social Club","Watauga","TX","","https://www.pokeratlas.com/poker-room/watauga-social-club/tournaments"
"Lac Vieux Desert Casino","Watersmeet","MI","","https://www.pokeratlas.com/poker-room/lac-vieux-desert-casino/tournaments"
"The Venetian Poker","Las Vegas","NV","","https://www.pokeratlas.com/poker-room/the-venetian-poker/tournaments"
"Stone Oak Poker Club","San Antonio","TX","","https://www.pokeratlas.com/poker-room/stone-oak-poker-club/tournaments"
"Lady Luck Nemacolin","Farmington","PA","","https://www.pokeratlas.com/poker-room/lady-luck-nemacolin/tournaments"
"Live! Casino Philadelphia","Philadelphia","PA","","https://www.pokeratlas.com/poker-room/live-casino-philadelphia/tournaments"
"Crystal Lounge","Great Falls","MT","","https://www.pokeratlas.com/poker-room/crystal-lounge/tournaments"
"Denton Card Room","Denton","TX","","https://www.pokeratlas.com/poker-room/denton-card-room/tournaments"
"Montana Club Casino","Great Falls","MT","","https://www.pokeratlas.com/poker-room/montana-club-casino/tournaments"
"Silver Spring Poker","Silver Spring","MD","","https://www.pokeratlas.com/poker-room/silver-spring-poker/tournaments"
"Dover Downs Casino","Dover","DE","","https://www.pokeratlas.com/poker-room/dover-downs-casino/tournaments"
"Odawa Casino Petoskey","Petoskey","MI","","https://www.pokeratlas.com/poker-room/odawa-casino-petoskey/tournaments"
"Golden Nugget Las Vegas","Las Vegas","NV","","https://www.pokeratlas.com/poker-room/golden-nugget-las-vegas/tournaments"
"Bally's Twin River Lincoln","Lincoln","RI","","https://www.pokeratlas.com/poker-room/ballys-twin-river-lincoln/tournaments"
"St Croix Casino Turtle Lake","Turtle Lake","WI","","https://www.pokeratlas.com/poker-room/st-croix-casino-turtle-lake/tournaments"
"Denton Poker Club","Denton","TX","","https://www.pokeratlas.com/poker-room/denton-poker-club/tournaments"
"Dearborn Poker Room","Dearborn","MI","","https://www.pokeratlas.com/poker-room/dearborn-poker-room/tournaments"
"Downriver Charity Poker","Wyandotte","MI","","https://www.pokeratlas.com/poker-room/downriver-charity-poker/tournaments"
"Sam Town Las Vegas","Las Vegas","NV","","https://www.pokeratlas.com/poker-room/sam-town-las-vegas/tournaments"
"Hard Rock Tulsa","Catoosa","OK","","https://www.pokeratlas.com/poker-room/hard-rock-tulsa/tournaments"
"Ameristar Casino Kansas City","Kansas City","MO","","https://www.pokeratlas.com/poker-room/ameristar-casino-kansas-city/tournaments"
"Oceans Eleven Casino","Oceanside","CA","","https://www.pokeratlas.com/poker-room/oceans-eleven-casino/tournaments"
"Grand Casino Coushatta","Kinder","LA","","https://www.pokeratlas.com/poker-room/grand-casino-coushatta/tournaments"
"Wind River Hotel Casino","Riverton","WY","","https://www.pokeratlas.com/poker-room/wind-river-hotel-casino/tournaments"
"Longview Poker Club","Longview","TX","","https://www.pokeratlas.com/poker-room/longview-poker-club/tournaments"
"Golden Nugget Lake Charles","Lake Charles","LA","","https://www.pokeratlas.com/poker-room/golden-nugget-lake-charles/tournaments"
"Sam's Town Shreveport","Shreveport","LA","","https://www.pokeratlas.com/poker-room/sams-town-shreveport/tournaments"
"Play Poker Chicago","Chicago","IL","","https://www.pokeratlas.com/poker-room/play-poker-chicago/tournaments"
"Isle of Capri Boonville","Boonville","MO","","https://www.pokeratlas.com/poker-room/isle-of-capri-boonville/tournaments"
"FireKeepers Casino","Battle Creek","MI","","https://www.pokeratlas.com/poker-room/firekeepers-casino/tournaments"
"Ojibwa Casino Baraga","Baraga","MI","","https://www.pokeratlas.com/poker-room/ojibwa-casino-baraga/tournaments"
"Arizona Charlies Decatur","Las Vegas","NV","","https://www.pokeratlas.com/poker-room/arizona-charlies-decatur/tournaments"
"Native Lights Casino","Newkirk","OK","","https://www.pokeratlas.com/poker-room/native-lights-casino/tournaments"
"High Roller Poker","Houston","TX","","https://www.pokeratlas.com/poker-room/high-roller-poker/tournaments"
"Lansing Poker Room","Lansing","MI","","https://www.pokeratlas.com/poker-room/lansing-poker-room/tournaments"
"Filotimo Casino","Claremont","NH","","https://www.pokeratlas.com/poker-room/filotimo-casino/tournaments"
"Black Pearl Casino","Mountlake Terrace","WA","","https://www.pokeratlas.com/poker-room/black-pearl-casino/tournaments"
"San Antonio Poker Club","San Antonio","TX","","https://www.pokeratlas.com/poker-room/san-antonio-poker-club/tournaments"
"Viejas Casino","Alpine","CA","","https://www.pokeratlas.com/poker-room/viejas-casino/tournaments"
"Lucky Card Club","San Antonio","TX","","https://www.pokeratlas.com/poker-room/lucky-card-club/tournaments"
"Jackpot Poker Club","San Antonio","TX","","https://www.pokeratlas.com/poker-room/jackpot-poker-club/tournaments"
"Agua Caliente Casino Rancho Mirage","Rancho Mirage","CA","","https://www.pokeratlas.com/poker-room/agua-caliente-casino-rancho-mirage/tournaments"
"Island View Casino","Gulfport","MS","","https://www.pokeratlas.com/poker-room/island-view-casino/tournaments"
"Dania Pokers","Dania Beach","FL","","https://www.pokeratlas.com/poker-room/dania-pokers/tournaments"
"Shelby Township Poker","Shelby Township","MI","","https://www.pokeratlas.com/poker-room/shelby-township-poker/tournaments"
"Greektown Casino","Detroit","MI","","https://www.pokeratlas.com/poker-room/greektown-casino/tournaments"
"Hamilton Jai Alai & Poker","Jasper","FL","","https://www.pokeratlas.com/poker-room/hamilton-jai-alai-and-poker/tournaments"
"Jokers Wild Casino","Henderson","NV","","https://www.pokeratlas.com/poker-room/jokers-wild-casino/tournaments"
"Yellow Brick Road Casino","Chittenango","NY","","https://www.pokeratlas.com/poker-room/yellow-brick-road-casino/tournaments"
"Eureka Casino Mesquite","Mesquite","NV","","https://www.pokeratlas.com/poker-room/eureka-casino-mesquite/tournaments"
"Macau Casino","Tukwila","WA","","https://www.pokeratlas.com/poker-room/macau-casino/tournaments"
"Lucky Charm Casino","Charlotte","NC","","https://www.pokeratlas.com/poker-room/lucky-charm-casino/tournaments"
"Prime Social Poker Club","Houston","TX","","https://www.pokeratlas.com/poker-room/prime-social-poker-club/tournaments"
"Barona Casino","Lakeside","CA","","https://www.pokeratlas.com/poker-room/barona-casino/tournaments"
"Saracen Casino","Pine Bluff","AR","","https://www.pokeratlas.com/poker-room/saracen-casino/tournaments"
"Delaware Park Casino","Wilmington","DE","","https://www.pokeratlas.com/poker-room/delaware-park-casino/tournaments"
"Ameristar Casino Council Bluffs","Council Bluffs","IA","","https://www.pokeratlas.com/poker-room/ameristar-casino-council-bluffs/tournaments"
"Sycuan Casino","El Cajon","CA","","https://www.pokeratlas.com/poker-room/sycuan-casino/tournaments"
"Coeur d Alene Casino","Worley","ID","","https://www.pokeratlas.com/poker-room/coeur-d-alene-casino/tournaments"
"Venetian Las Vegas","Las Vegas","NV","","https://www.pokeratlas.com/poker-room/venetian-las-vegas/tournaments"
"Roanoke Poker Room","Roanoke","VA","","https://www.pokeratlas.com/poker-room/roanoke-poker-room/tournaments"
"Mardi Gras Casino","Hallandale Beach","FL","","https://www.pokeratlas.com/poker-room/mardi-gras-casino/tournaments"
"Hampton Falls Poker Room","Hampton Falls","NH","","https://www.pokeratlas.com/poker-room/hampton-falls-poker-room/tournaments"
"The Office Bar","Bozeman","MT","","https://www.pokeratlas.com/poker-room/the-office-bar/tournaments"
"The Poker House Dallas","Dallas","TX","","https://www.pokeratlas.com/poker-room/the-poker-house-dallas/tournaments"
"Richmond Poker Club","Richmond","VA","","https://www.pokeratlas.com/poker-room/richmond-poker-club/tournaments"
"Davenport Poker Room","Davenport","IA","","https://www.pokeratlas.com/poker-room/davenport-poker-room/tournaments"
"Stockmans Bar","Missoula","MT","","https://www.pokeratlas.com/poker-room/stockmans-bar/tournaments"
"Troy Charity Poker Room","Troy","MI","","https://www.pokeratlas.com/poker-room/troy-charity-poker-room/tournaments"
"Oasis Casino Butte","Butte","MT","","https://www.pokeratlas.com/poker-room/oasis-casino-butte/tournaments"
"Bucky's Casino","Prescott","AZ","","https://www.pokeratlas.com/poker-room/buckys-casino/tournaments"
"Oak Grove Racing","Oak Grove","KY","","https://www.pokeratlas.com/poker-room/oak-grove-racing/tournaments"
"Its A Cinch Casino","Boise","ID","","https://www.pokeratlas.com/poker-room/its-a-cinch-casino/tournaments"
"Kansas City Poker Club","Kansas City","MO","","https://www.pokeratlas.com/poker-room/kansas-city-poker-club/tournaments"
"Texas Card House Rio Grande","Edinburg","TX","","https://www.pokeratlas.com/poker-room/texas-card-house-rio-grande/tournaments"
"Sugarland Card Club","Sugar Land","TX","","https://www.pokeratlas.com/poker-room/sugarland-card-club/tournaments"
"Silverado Franklin","Deadwood","SD","","https://www.pokeratlas.com/poker-room/silverado-franklin/tournaments"
"Encore Club Portland","Portland","OR","","https://www.pokeratlas.com/poker-room/encore-club-portland/tournaments"
"Skyline Casino Henderson","Henderson","NV","","https://www.pokeratlas.com/poker-room/skyline-casino-henderson/tournaments"
"Williston Poker Room","Williston","ND","","https://www.pokeratlas.com/poker-room/williston-poker-room/tournaments"
"Lady Luck Black Hawk","Black Hawk","CO","","https://www.pokeratlas.com/poker-room/lady-luck-black-hawk/tournaments"
"Providence Poker Room","Providence","RI","","https://www.pokeratlas.com/poker-room/providence-poker-room/tournaments"
"Isleta Casino","Albuquerque","NM","","https://www.pokeratlas.com/poker-room/isleta-casino/tournaments"
"Diamond Lil Card Room","Anchorage","AK","","https://www.pokeratlas.com/poker-room/diamond-lil-card-room/tournaments"
"Portland Players Club","Portland","OR","","https://www.pokeratlas.com/poker-room/portland-players-club/tournaments"
"Taylor Charity Poker","Taylor","MI","","https://www.pokeratlas.com/poker-room/taylor-charity-poker/tournaments"
"Wilmington Poker Club","Wilmington","DE","","https://www.pokeratlas.com/poker-room/wilmington-poker-club/tournaments"
"Peppermill Resort Reno","Reno","NV","","https://www.pokeratlas.com/poker-room/peppermill-resort-reno/tournaments"
"Cosmopolitan of Las Vegas","Las Vegas","NV","","https://www.pokeratlas.com/poker-room/cosmopolitan-of-las-vegas/tournaments"
"Wendover Nugget","West Wendover","NV","","https://www.pokeratlas.com/poker-room/wendover-nugget/tournaments"
"Wind River Casino","Riverton","WY","","https://www.pokeratlas.com/poker-room/wind-river-casino/tournaments"
"Salem Card Room","Salem","OR","","https://www.pokeratlas.com/poker-room/salem-card-room/tournaments"
"Central City Poker","Central City","CO","","https://www.pokeratlas.com/poker-room/central-city-poker/tournaments"
"Flint Charity Poker","Flint","MI","","https://www.pokeratlas.com/poker-room/flint-charity-poker/tournaments"
"Edge Water Casino","Laughlin","NV","","https://www.pokeratlas.com/poker-room/edge-water-casino/tournaments"
"Aria Casino Poker","Las Vegas","NV","","https://www.pokeratlas.com/poker-room/aria-casino-poker/tournaments"
"Oaklawn Racing Casino","Hot Springs","AR","","https://www.pokeratlas.com/poker-room/oaklawn-racing-casino/tournaments"
"Grand Lake Casino","Grove","OK","","https://www.pokeratlas.com/poker-room/grand-lake-casino/tournaments"
"VFW Poker West Chicago","West Chicago","IL","","https://www.pokeratlas.com/poker-room/vfw-poker-west-chicago/tournaments"
"Thunderbird Casino","Norman","OK","","https://www.pokeratlas.com/poker-room/thunderbird-casino/tournaments"
"Spades Poker Club Houston","Houston","TX","","https://www.pokeratlas.com/poker-room/spades-poker-club-houston/tournaments"
"Chisholm Trail Casino","Duncan","OK","","https://www.pokeratlas.com/poker-room/chisholm-trail-casino/tournaments"
"Casino Queen Marquette","Marquette","IA","","https://www.pokeratlas.com/poker-room/casino-queen-marquette/tournaments"
"Schaumburg Poker Room","Schaumburg","IL","","https://www.pokeratlas.com/poker-room/schaumburg-poker-room/tournaments"
"Gold Mountain Casino","Ardmore","OK","","https://www.pokeratlas.com/poker-room/gold-mountain-casino/tournaments"
"Mount Airy Casino","Mount Pocono","PA","","https://www.pokeratlas.com/poker-room/mount-airy-casino/tournaments"
"29 Palms Casino","Twentynine Palms","CA","","https://www.pokeratlas.com/poker-room/29-palms-casino/tournaments"
"Clarksville Poker Club","Clarksville","TN","","https://www.pokeratlas.com/poker-room/clarksville-poker-club/tournaments"
"Roxy Casino","Seattle","WA","","https://www.pokeratlas.com/poker-room/roxy-casino/tournaments"
"Joliet Charity Poker","Joliet","IL","","https://www.pokeratlas.com/poker-room/joliet-charity-poker/tournaments"
"Lummi Casino","Bellingham","WA","","https://www.pokeratlas.com/poker-room/lummi-casino/tournaments"
"River Rock Casino","Geyserville","CA","","https://www.pokeratlas.com/poker-room/river-rock-casino/tournaments"
"Rockford Poker Room","Rockford","IL","","https://www.pokeratlas.com/poker-room/rockford-poker-room/tournaments"
"Cedar Rapids Poker","Cedar Rapids","IA","","https://www.pokeratlas.com/poker-room/cedar-rapids-poker/tournaments"
"The Brook Casino","Seabrook","NH","","https://www.pokeratlas.com/poker-room/the-brook-casino/tournaments"
"Isle of Capri Lake Charles","Westlake","LA","","https://www.pokeratlas.com/poker-room/isle-of-capri-lake-charles/tournaments"
"Lucky Dog Casino","Skokomish","WA","","https://www.pokeratlas.com/poker-room/lucky-dog-casino/tournaments"
"Club Caribe Casino","Cudahy","CA","","https://www.pokeratlas.com/poker-room/club-caribe-casino/tournaments"
"Springfield Poker Room","Springfield","MO","","https://www.pokeratlas.com/poker-room/springfield-poker-room/tournaments"
"Treasure Bay Casino","Biloxi","MS","","https://www.pokeratlas.com/poker-room/treasure-bay-casino/tournaments"
"Four Winds South Bend","South Bend","IN","","https://www.pokeratlas.com/poker-room/four-winds-south-bend/tournaments"
"Catfish Bend Casino","Burlington","IA","","https://www.pokeratlas.com/poker-room/catfish-bend-casino/tournaments"
"Caesars Atlantic City","Atlantic City","NJ","","https://www.pokeratlas.com/poker-room/caesars-atlantic-city/tournaments"
"Twin River Casino","Lincoln","RI","","https://www.pokeratlas.com/poker-room/twin-river-casino/tournaments"
"Cleveland Poker Club","Cleveland","OH","","https://www.pokeratlas.com/poker-room/cleveland-poker-club/tournaments"
"Gold Dust Casino","Deadwood","SD","","https://www.pokeratlas.com/poker-room/gold-dust-casino/tournaments"
"Jake's 58 Casino","Islandia","NY","","https://www.pokeratlas.com/poker-room/jakes-58-casino/tournaments"
"Pecanga Resort Casino","Temecula","CA","","https://www.pokeratlas.com/poker-room/pecanga-resort-casino/tournaments"
"Fortune Bay Casino","Tower","MN","","https://www.pokeratlas.com/poker-room/fortune-bay-casino/tournaments"
"Rampart Casino","Las Vegas","NV","","https://www.pokeratlas.com/poker-room/rampart-casino/tournaments"
"Potawatomi Casino","Milwaukee","WI","","https://www.pokeratlas.com/poker-room/potawatomi-casino/tournaments"
"Gold Coast Poker","Las Vegas","NV","","https://www.pokeratlas.com/poker-room/gold-coast-poker/tournaments"
"Chewelah Casino","Chewelah","WA","","https://www.pokeratlas.com/poker-room/chewelah-casino/tournaments"
"Seven Clans Casino Red Lake","Red Lake","MN","","https://www.pokeratlas.com/poker-room/seven-clans-casino-red-lake/tournaments"
"San Pablo Casino","San Pablo","CA","","https://www.pokeratlas.com/poker-room/san-pablo-casino/tournaments"
"Mill Bay Casino","Manson","WA","","https://www.pokeratlas.com/poker-room/mill-bay-casino/tournaments"
"Central Texas Card House","Austin","TX","","https://www.pokeratlas.com/poker-room/central-texas-card-house/tournaments"
"Lucky Star Clinton","Clinton","OK","","https://www.pokeratlas.com/poker-room/lucky-star-clinton/tournaments"
"Grand Falls Casino","Larchwood","IA","","https://www.pokeratlas.com/poker-room/grand-falls-casino/tournaments"
"Mystic Lake Casino","Prior Lake","MN","","https://www.pokeratlas.com/poker-room/mystic-lake-casino/tournaments"
"Embassy Suites Casino","Dorado","PR","","https://www.pokeratlas.com/poker-room/embassy-suites-casino/tournaments"
"Clearwater River Casino","Lewiston","ID","","https://www.pokeratlas.com/poker-room/clearwater-river-casino/tournaments"
"Mustang Sally Casino","Deadwood","SD","","https://www.pokeratlas.com/poker-room/mustang-sally-casino/tournaments"
"Ohiya Casino","Niobrara","NE","","https://www.pokeratlas.com/poker-room/ohiya-casino/tournaments"
"Dayton Poker Room","Dayton","OH","","https://www.pokeratlas.com/poker-room/dayton-poker-room/tournaments"
"Aces Poker Lakewood","Lakewood","WA","","https://www.pokeratlas.com/poker-room/aces-poker-lakewood/tournaments"
"El San Juan Casino","Carolina","PR","","https://www.pokeratlas.com/poker-room/el-san-juan-casino/tournaments"
"Grand Island Casino","Grand Island","NE","","https://www.pokeratlas.com/poker-room/grand-island-casino/tournaments"
"L'Auberge Casino Lake Charles","Lake Charles","LA","","https://www.pokeratlas.com/poker-room/lauberge-casino-lake-charles/tournaments"
"Naples Fort Myers Greyhound Racing","Bonita Springs","FL","","https://www.pokeratlas.com/poker-room/naples-fort-myers-greyhound-racing/tournaments"
"LAnse Warden Casino","LAnse","MI","","https://www.pokeratlas.com/poker-room/lanse-warden-casino/tournaments"
"Valley Forge Casino","King of Prussia","PA","","https://www.pokeratlas.com/poker-room/valley-forge-casino/tournaments"
"Soaring Eagle Casino","Mount Pleasant","MI","","https://www.pokeratlas.com/poker-room/soaring-eagle-casino/tournaments"
"Chattanooga Poker","Chattanooga","TN","","https://www.pokeratlas.com/poker-room/chattanooga-poker/tournaments"
"Railroad Pass Casino","Henderson","NV","","https://www.pokeratlas.com/poker-room/railroad-pass-casino/tournaments"
"Hollywood Casino Kansas","Kansas City","KS","","https://www.pokeratlas.com/poker-room/hollywood-casino-kansas/tournaments"
"Great American Casino Lakewood","Lakewood","WA","","https://www.pokeratlas.com/poker-room/great-american-casino-lakewood/tournaments"
"Gulfstream Park","Hallandale Beach","FL","","https://www.pokeratlas.com/poker-room/gulfstream-park/tournaments"
"Hard Rock Casino Cincinnati","Cincinnati","OH","","https://www.pokeratlas.com/poker-room/hard-rock-casino-cincinnati/tournaments"
"Naperville Poker Club","Naperville","IL","","https://www.pokeratlas.com/poker-room/naperville-poker-club/tournaments"
"Harrahs Joliet","Joliet","IL","","https://www.pokeratlas.com/poker-room/harrahs-joliet/tournaments"
"West Fargo Poker Club","West Fargo","ND","","https://www.pokeratlas.com/poker-room/west-fargo-poker-club/tournaments"
"Isle Casino Black Hawk","Black Hawk","CO","","https://www.pokeratlas.com/poker-room/isle-casino-black-hawk/tournaments"
"Dakota Magic Casino","Hankinson","ND","","https://www.pokeratlas.com/poker-room/dakota-magic-casino/tournaments"
"Cherokee Casino Grove","Grove","OK","","https://www.pokeratlas.com/poker-room/cherokee-casino-grove/tournaments"
"Portsmouth Poker","Portsmouth","NH","","https://www.pokeratlas.com/poker-room/portsmouth-poker/tournaments"
"12 Tribes Colville Casino","Omak","WA","","https://www.pokeratlas.com/poker-room/12-tribes-colville-casino/tournaments"
"Akron Poker Club","Akron","OH","","https://www.pokeratlas.com/poker-room/akron-poker-club/tournaments"
"Greenville Poker Room","Greenville","SC","","https://www.pokeratlas.com/poker-room/greenville-poker-room/tournaments"
"Orange Park Kennel Club","Orange Park","FL","","https://www.pokeratlas.com/poker-room/orange-park-kennel-club/tournaments"
"Planet Hollywood Resort","Las Vegas","NV","","https://www.pokeratlas.com/poker-room/planet-hollywood-resort/tournaments"
"Seven Mile Casino","Chula Vista","CA","","https://www.pokeratlas.com/poker-room/seven-mile-casino/tournaments"
"Nashville Poker Club","Nashville","TN","","https://www.pokeratlas.com/poker-room/nashville-poker-club/tournaments"
"Chumash Casino","Santa Ynez","CA","","https://www.pokeratlas.com/poker-room/chumash-casino/tournaments"
"Blue Chip Casino","Michigan City","IN","","https://www.pokeratlas.com/poker-room/blue-chip-casino/tournaments"
"Peppermill Reno","Reno","NV","","https://www.pokeratlas.com/poker-room/peppermill-reno/tournaments"
"Foxwoods Poker Room","Mashantucket","CT","","https://www.pokeratlas.com/poker-room/foxwoods-poker-room/tournaments"
"Hollywood Casino Charles Town","Charles Town","WV","","https://www.pokeratlas.com/poker-room/hollywood-casino-charles-town/tournaments"
"Savannah Poker Room","Savannah","GA","","https://www.pokeratlas.com/poker-room/savannah-poker-room/tournaments"
"Beau Rivage Poker Room","Biloxi","MS","","https://www.pokeratlas.com/poker-room/beau-rivage-poker-room/tournaments"
"Warren Charity Poker","Warren","MI","","https://www.pokeratlas.com/poker-room/warren-charity-poker/tournaments"
"Legends Poker Room Houston","Houston","TX","","https://www.pokeratlas.com/poker-room/legends-poker-room-houston/tournaments"
"Nooksack Northwood Casino","Lynden","WA","","https://www.pokeratlas.com/poker-room/nooksack-northwood-casino/tournaments"
"Tortoise Rock Casino","Twentynine Palms","CA","","https://www.pokeratlas.com/poker-room/tortoise-rock-casino/tournaments"
"Suquamish Clearwater Casino","Suquamish","WA","","https://www.pokeratlas.com/poker-room/suquamish-clearwater-casino/tournaments"
"Laughlin River Lodge","Laughlin","NV","","https://www.pokeratlas.com/poker-room/laughlin-river-lodge/tournaments"
"Wild Rose Casino Jefferson","Jefferson","IA","","https://www.pokeratlas.com/poker-room/wild-rose-casino-jefferson/tournaments"
"Jackson Rancheria Casino","Jackson","CA","","https://www.pokeratlas.com/poker-room/jackson-rancheria-casino/tournaments"
"Avi Casino","Laughlin","NV","","https://www.pokeratlas.com/poker-room/avi-casino/tournaments"
"Ameristar Casino St Charles","St. Charles","MO","","https://www.pokeratlas.com/poker-room/ameristar-casino-st-charles/tournaments"
"Cypress Bayou Casino","Charenton","LA","","https://www.pokeratlas.com/poker-room/cypress-bayou-casino/tournaments"
"4 Bears Casino","New Town","ND","","https://www.pokeratlas.com/poker-room/4-bears-casino/tournaments"
"Santa Ana Star Casino","Bernalillo","NM","","https://www.pokeratlas.com/poker-room/santa-ana-star-casino/tournaments"
"Glacier Peaks Casino","Browning","MT","","https://www.pokeratlas.com/poker-room/glacier-peaks-casino/tournaments"
"Caesars New Orleans (formerly Harrah's)","New Orleans","LA","","https://www.pokeratlas.com/poker-room/caesars-new-orleans-formerly-harrahs/tournaments"
"Action Poker Club","Dallas","TX","","https://www.pokeratlas.com/poker-room/action-poker-club/tournaments"
"Sandia Casino","Albuquerque","NM","","https://www.pokeratlas.com/poker-room/sandia-casino/tournaments"
"Augustine Casino","Coachella","CA","","https://www.pokeratlas.com/poker-room/augustine-casino/tournaments"
"del Lago Resort & Casino","Waterloo","NY","","https://www.pokeratlas.com/poker-room/del-lago-resort-and-casino/tournaments"
"Eagle Mountain Casino","Porterville","CA","","https://www.pokeratlas.com/poker-room/eagle-mountain-casino/tournaments"
"Rolling Hills Casino","Corning","CA","","https://www.pokeratlas.com/poker-room/rolling-hills-casino/tournaments"
"Wildhorse Resort & Casino","Pendleton","OR","","https://www.pokeratlas.com/poker-room/wildhorse-resort-and-casino/tournaments"
"The Meadows Casino","Washington","PA","","https://www.pokeratlas.com/poker-room/the-meadows-casino/tournaments"
"Palace Station Poker","Las Vegas","NV","","https://www.pokeratlas.com/poker-room/palace-station-poker/tournaments"
"Bankers Casino","Salinas","CA","","https://www.pokeratlas.com/poker-room/bankers-casino/tournaments"
"Lodi Casino","Lodi","CA","","https://www.pokeratlas.com/poker-room/lodi-casino/tournaments"
"Alpharetta Poker Room","Alpharetta","GA","","https://www.pokeratlas.com/poker-room/alpharetta-poker-room/tournaments"
"Diamond Jack Poker","Houston","TX","","https://www.pokeratlas.com/poker-room/diamond-jack-poker/tournaments"
"One Eyed Jack Poker Club","Austin","TX","","https://www.pokeratlas.com/poker-room/one-eyed-jack-poker-club/tournaments"
"Monarch Casino Resort Spa","Black Hawk","CO","","https://www.pokeratlas.com/poker-room/monarch-casino-resort-spa/tournaments"
"Tonopah Station","Tonopah","NV","","https://www.pokeratlas.com/poker-room/tonopah-station/tournaments"
"Eldorado Casino Henderson","Henderson","NV","","https://www.pokeratlas.com/poker-room/eldorado-casino-henderson/tournaments"
"Golden Gates Casino","Black Hawk","CO","","https://www.pokeratlas.com/poker-room/golden-gates-casino/tournaments"