VENUE,WEBSITE,ADDRESS,CITY,STATE,PHONE,TYPE,TOURNAMENTS,PokerAtlasURL,HOURS
Talking Stick Resort,talkingstickresort.com,9800 E Talking Stick Way,Scottsdale,AZ,(480) 850-7777,Casino,Yes,https://www.pokeratlas.com/poker-room/talking-stick-resort-scottsdale,24/7
Casino Del Sol,casinodelsol.com,5655 W Valencia Rd,Tucson,AZ,(855) 765-7829,Casino,Yes,https://www.pokeratlas.com/poker-room/casino-del-sol-tucson,Sun/Fri/Sat 10am-4am Mon-Thu 12pm-4am
Hon-Dah Casino,hon-dah.com,777 AZ-260,Pinetop,AZ,(928) 369-0299,Casino,Yes,https://www.pokeratlas.com/poker-room/hon-dah-casino-pinetop,4pm-TBD daily
Saracen Casino Resort,saracenresort.com,1 Saracen Resort Dr,Pine Bluff,AR,(870) 686-9001,Casino,Yes,https://www.pokeratlas.com/poker-room/saracen-casino-resort-pine-bluff,Not available
Commerce Casino,commercecasino.com,6131 Telegraph Rd,Commerce,CA,(323) 721-2100,Casino,Yes,https://www.pokeratlas.com/poker-room/commerce-casino-los-angeles,24/7
The Bicycle Hotel & Casino,thebike.com,888 Bicycle Casino Dr,Bell Gardens,CA,(562) 806-4646,Casino,Yes,https://www.pokeratlas.com/poker-room/bicycle-casino-bell-gardens,24/7
The Gardens Casino,thegardenscasino.com,11871 Carson St,Hawaiian Gardens,CA,(562) 860-5887,Casino,No,https://www.pokeratlas.com/poker-room/the-gardens-hawaiian-gardens,24/7
Hustler Casino,hustlercasino.com,1000 W Redondo Beach Blvd,Gardena,CA,(310) 719-9800,Casino,No,https://www.pokeratlas.com/poker-room/hustler-casino-gardena,24/7
Hollywood Park Casino,playhpc.com,3883 W Century Blvd,Inglewood,CA,(310) 330-2800,Casino,No,https://www.pokeratlas.com/poker-room/hollywood-park-inglewood,24/7
Crystal Casino,thecrystalcasino.com,123 E Artesia Blvd,Compton,CA,(310) 631-3838,Casino,No,https://www.pokeratlas.com/poker-room/crystal-casino-compton,Not available
Bay 101 Casino,bay101.com,1788 N First St,San Jose,CA,(408) 451-8888,Casino,Yes,https://www.pokeratlas.com/poker-room/bay-101-san-jose,24/7
Casino M8trix,casinom8trix.com,1887 Matrix Blvd,San Jose,CA,(408) 244-3333,Casino,Yes,https://www.pokeratlas.com/poker-room/casino-m8trix-san-jose,24/7
Thunder Valley Casino Resort,thundervalleyresort.com,1200 Athens Ave,Lincoln,CA,(916) 408-7777,Casino,Yes,https://www.pokeratlas.com/poker-room/thunder-valley-casino-resort-lincoln,24/7
Graton Resort & Casino,gratonresortcasino.com,288 Golf Course Dr W,Rohnert Park,CA,(707) 588-7100,Casino,Yes,https://www.pokeratlas.com/poker-room/graton-resort-casino-rohnert-park,24/7
Pechanga Resort Casino,pechanga.com,45000 Pechanga Pkwy,Temecula,CA,(877) 711-2946,Casino,Yes,https://www.pokeratlas.com/poker-room/pechanga-resort-casino-temecula,Not available
Morongo Casino Resort,morongocasinoresort.com,49500 Seminole Dr,Cabazon,CA,(951) 849-3080,Casino,Yes,https://www.pokeratlas.com/poker-room/morongo-casino-resort-cabazon,Not available
Jamul Casino,jamulcasinosd.com,14145 Campo Rd,Jamul,CA,(619) 315-2250,Casino,Yes,https://www.pokeratlas.com/poker-room/jamul-casino,24/7
Seven Mile Casino,sevenmilecasino.com,285 Bay Blvd,Chula Vista,CA,(619) 425-3333,Casino,No,https://www.pokeratlas.com/poker-room/seven-mile-casino-chula-vista,24/7
Sycuan Casino Resort,sycuan.com,5469 Casino Way,El Cajon,CA,(619) 445-6002,Casino,Yes,https://www.pokeratlas.com/poker-room/sycuan-casino-resort-el-cajon,Not available
Ocean's Eleven Casino,oceans11.com,121 Brooks St,Oceanside,CA,(760) 439-6988,Casino,No,https://www.pokeratlas.com/poker-room/oceans-11-oceanside,24/7
Capitol Casino,capitol-casino.com,411 N 16th St,Sacramento,CA,(916) 446-0700,Casino,No,https://www.pokeratlas.com/poker-room/capitol-casino-sacramento,24/7
Parkwest Casino Cordova,parkwestcasinos.com,2801 Prospect Park Dr,Rancho Cordova,CA,(916) 361-9186,Casino,No,https://www.pokeratlas.com/poker-room/parkwest-rancho-cordova,Not available
Parkwest Casino Lotus,parkwestcasinos.com,6010 Stockton Blvd,Sacramento,CA,(916) 399-4929,Casino,No,https://www.pokeratlas.com/poker-room/lotus-sacramento,Not available
Red Hawk Casino,redhawkcasino.com,1 Red Hawk Pkwy,Placerville,CA,(530) 677-7000,Casino,No,https://www.pokeratlas.com/poker-room/red-hawk-casino-placerville,Not available
Artichoke Joe's Casino,artichokejoes.com,659 Huntington Ave,San Bruno,CA,(650) 589-3147,Casino,No,https://www.pokeratlas.com/poker-room/artichoke-joes-san-bruno,24/7
Lucky Chances Casino,luckychances.com,1700 Hillside Blvd,Colma,CA,(650) 758-2237,Casino,No,https://www.pokeratlas.com/poker-room/lucky-chances-colma,24/7
California Grand Casino,calgrandcasino.com,5988 Pacheco Blvd,Pacheco,CA,(925) 685-8397,Casino,No,https://www.pokeratlas.com/poker-room/california-grand-pacheco,24/7
Livermore Casino,livermorecasino.net,3571 First St,Livermore,CA,(925) 447-1702,Casino,No,https://www.pokeratlas.com/poker-room/livermore-casino-livermore,Not available
Parkwest Casino 580,parkwestcasinos.com,968 N Canyons Pkwy,Livermore,CA,(925) 455-6144,Casino,No,https://www.pokeratlas.com/poker-room/parkwest-livermore,Not available
Napa Valley Casino,napavalleycasino.com,3466 Broadway,American Canyon,CA,(707) 226-1508,Casino,No,https://www.pokeratlas.com/poker-room/napa-valley-casino-american-canyon,24/7
Parkwest Casino Sonoma,parkwestcasinos.com,5151 Montero Way,Petaluma,CA,(707) 795-6121,Casino,No,https://www.pokeratlas.com/poker-room/parkwest-sonoma-petaluma,Not available
Bankers Casino,bankerscasino.net,111 Monterey St,Salinas,CA,(831) 422-6666,Casino,No,https://www.pokeratlas.com/poker-room/bankers-casino-salinas,24/7
Garlic City Casino,garliccitycasino.com,8630 San Ysidro Ave,Gilroy,CA,(408) 847-1606,Casino,No,https://www.pokeratlas.com/poker-room/garlic-city-casino-gilroy,24/7
Central Coast Casino,slopoker.com,1002 Ramona Ave,Grover Beach,CA,(805) 474-8500,Casino,No,https://www.pokeratlas.com/poker-room/central-coast-grover-beach,Not available
Paso Robles Casino,pasoroblescasino.com,1144 Black Oak Dr,Paso Robles,CA,(805) 226-0500,Casino,No,https://www.pokeratlas.com/poker-room/paso-robles-casino,Not available
Player's Casino,pcventura.com,6580 Auto Center Dr,Ventura,CA,(805) 643-1392,Casino,No,https://www.pokeratlas.com/poker-room/players-casino-ventura,11:00am - 3:00am daily
Chumash Casino Resort,chumashcasino.com,3400 E Hwy 246,Santa Ynez,CA,(800) 248-6274,Casino,Yes,https://www.pokeratlas.com/poker-room/chumash-casino-santa-ynez,9:00am - 3:00am daily
Golden West Casino,goldenwestcasino.net,1001 S Union Ave,Bakersfield,CA,(661) 324-6936,Casino,No,https://www.pokeratlas.com/poker-room/golden-west-casino-bakersfield,24/7
The Aviator Casino,theaviatorcasino.com,1225 Airport Dr,Delano,CA,(661) 721-7770,Casino,No,https://www.pokeratlas.com/poker-room/aviator-casino-delano,24/7
500 Club Casino,500clubcasino.com,771 W Shaw Ave,Clovis,CA,(559) 299-9951,Casino,No,https://www.pokeratlas.com/poker-room/500-club-clovis,24/7
Club One Casino,clubonecasino.com,3950 N Cedar Ave,Fresno,CA,(559) 497-3000,Casino,No,https://www.pokeratlas.com/poker-room/club-one-casino-fresno,24/7
Table Mountain Casino,tmcasino.com,8184 Table Mountain Rd,Friant,CA,(559) 822-7777,Casino,Yes,https://www.pokeratlas.com/poker-room/table-mountain-friant,Not available
Parkwest Casino Lodi,parkwestcasinos.com,1800 S Cherokee Ln,Lodi,CA,(209) 334-9777,Casino,Yes,https://www.pokeratlas.com/poker-room/parkwest-lodi,9:00am - TBD daily
Casino 99,casino99chico.com,175 E 20th St,Chico,CA,(530) 891-1000,Casino,No,https://www.pokeratlas.com/poker-room/casino-99-chico,24/7
Towers Casino,towerscasino.com,115 Bank St,Grass Valley,CA,(530) 273-4100,Casino,No,https://www.pokeratlas.com/poker-room/towers-casino-grass-valley,24/7
Win-River Resort,winriver.com,2100 Redding Rancheria Rd,Redding,CA,(530) 243-3377,Casino,No,https://www.pokeratlas.com/poker-room/win-river-casino-redding,2:30pm - TBD Thu-Sat; closed Mon-Wed
Elk Valley Casino,elkvalleycasino.com,2500 Howland Hill Rd,Crescent City,CA,(707) 464-1020,Casino,No,https://www.pokeratlas.com/poker-room/elk-valley-casino-crescent-city,5:00pm - 4:00am Tue-Fri; 2:00pm - 4:00am Sat; closed Sun-Mon
Bear River Casino,bearrivercasino.com,11 Bear Paws Way,Loleta,CA,(707) 733-9644,Casino,No,https://www.pokeratlas.com/poker-room/bear-river-casino-loleta,2:00pm - 4:00am Sun/Sat; 5:00pm - 4:00am Wed/Fri; closed Mon/Tue/Thu
Blue Lake Casino,bluelakecasino.com,777 Casino Way,Blue Lake,CA,(707) 668-9770,Casino,No,https://www.pokeratlas.com/poker-room/blue-lake-casino,6:00pm - 4:00am Thu-Sat; closed Sun-Wed
Rain Rock Casino,rainrockcasino.com,777 Casino Way,Yreka,CA,(530) 777-7246,Casino,No,https://www.pokeratlas.com/poker-room/rain-rock-casino,Not available
Pala Casino Spa Resort,palacasino.com,11154 CA-76,Pala,CA,(877) 946-7252,Casino,Yes,https://www.pokeratlas.com/poker-room/pala-casino,Not available
Lake Elsinore Casino,lercasino.com,20930 Malaga Rd,Lake Elsinore,CA,(951) 674-3101,Casino,No,https://www.pokeratlas.com/poker-room/lake-elsinore,24/7
Barona Resort & Casino,barona.com,1932 Wildcat Canyon Rd,Lakeside,CA,(619) 443-2300,Casino,Yes,https://www.pokeratlas.com/poker-room/barona-casino-lakeside,Not available
Casino Chico,casinochico.com,725 Manzanita Ct,Chico,CA,(530) 343-2232,Casino,No,https://www.pokeratlas.com/poker-room/casino-chico,1:00pm - TBD daily
Palace Poker Casino,palacepokercasino.com,22821 Mission Blvd,Hayward,CA,(510) 582-1166,Casino,No,https://www.pokeratlas.com/poker-room/palace-poker-casino-hayward,24/7
Casino Club,casinoclubredding.com,1885 Hilltop Dr,Redding,CA,(530) 221-5015,Casino,No,https://www.pokeratlas.com/poker-room/casino-club-redding,24/7
Monarch Casino Resort,monarchblackhawk.com,488 Main St,Black Hawk,CO,(303) 582-1000,Casino,No,https://www.pokeratlas.com/poker-room/monarch-black-hawk,24/7
Bally's Black Hawk,casinos.ballys.com,300 Main St,Black Hawk,CO,(303) 582-1117,Casino,No,https://www.pokeratlas.com/poker-room/ballys-black-hawk,Sun: All Day; Mon-Thu: TBD - 2:00am; Fri-Sat: All Day
Horseshoe Black Hawk,caesars.com,401 Main St,Black Hawk,CO,(303) 582-1650,Casino,No,https://www.pokeratlas.com/poker-room/horseshoe-black-hawk,9:00am - TBD Sun/Thu-Sat; closed Mon-Wed
Foxwoods Resort Casino,foxwoods.com,350 Trolley Line Blvd,Ledyard,CT,(800) 369-9663,Casino,Yes,https://www.pokeratlas.com/poker-room/foxwoods-mashantucket,9:00am - 1:00am Sun-Thu; 9:00am - 4:00am Fri-Sat
Delaware Park Casino,delawarepark.com,777 Delaware Park Blvd,Wilmington,DE,(800) 417-5353,Casino,No,https://www.pokeratlas.com/poker-room/delaware-park-wilmington,11:00am - 3:00am daily
Bally's Dover,casinos.ballys.com,1131 N DuPont Hwy,Dover,DE,(302) 674-4600,Casino,No,https://www.pokeratlas.com/poker-room/dover-downs,Not available
Seminole Hard Rock Hollywood,seminolehardrockhollywood.com,1 Seminole Way,Hollywood,FL,(866) 502-7529,Casino,Yes,https://www.pokeratlas.com/poker-room/hard-rock-hollywood-ft-lauderdale,24/7
Seminole Hard Rock Tampa,seminolehardrocktampa.com,5223 Orient Rd,Tampa,FL,(866) 388-4263,Casino,Yes,https://www.pokeratlas.com/poker-room/hard-rock-tampa,24/7
Harrah's Pompano Beach,caesars.com,777 Isle of Capri Cir,Pompano Beach,FL,(954) 972-2000,Casino,No,https://www.pokeratlas.com/poker-room/harrahs-pompano-pompano-beach,10:00am - 3:00am daily
Magic City Casino,magiccitycasino.com,450 NW 37th Ave,Miami,FL,(305) 649-3000,Casino,No,https://www.pokeratlas.com/poker-room/magic-city-casino-miami,24/7
Hialeah Park Casino,hialeahparkcasino.com,100 E 32nd St,Hialeah,FL,(305) 885-8000,Casino,No,https://www.pokeratlas.com/poker-room/hialeah-park,9:00am - 11:30pm daily
Casino Miami,playcasinomiami.com,3500 NW 37th Ave,Miami,FL,(305) 633-6400,Casino,No,https://www.pokeratlas.com/poker-room/casino-miami,10:00am - 11:30pm Sun-Thu; 10:00am - 6:00am Fri-Sat
The Big Easy Casino,thebigeasycasino.com,831 N Federal Hwy,Hallandale Beach,FL,(954) 924-3200,Casino,No,https://www.pokeratlas.com/poker-room/big-easy-casino-hallandale,10:00am - 4:00am daily
Rivers Casino Des Plaines,riverscasino.com,3000 S River Rd,Des Plaines,IL,(888) 307-0777,Casino,Yes,https://www.pokeratlas.com/poker-room/rivers-casino-des-plaines,24/7
Grand Victoria Casino,caesars.com,250 S Grove Ave,Elgin,IL,(847) 468-7000,Casino,No,https://www.pokeratlas.com/poker-room/grand-victoria-elgin,10:00am - 4:00am Sun-Thu; 10:00am - 6:00am Fri-Sat
Hollywood Casino Aurora,hollywoodcasinoaurora.com,1 W New York St,Aurora,IL,(630) 801-1234,Casino,No,https://www.pokeratlas.com/poker-room/hollywood-aurora,9:00am - 3:00am Sun-Thu; 9:00am - 5:00am Fri-Sat
Bally's Quad Cities,casinos.ballys.com,777 Bally Blvd,Rock Island,IL,(309) 756-4600,Casino,No,https://www.pokeratlas.com/poker-room/quad-cities-rock-island,4:00pm - 12:00am Wed-Sat; closed Sun-Tue
Horseshoe Hammond,caesars.com,777 Casino Center Dr,Hammond,IN,(219) 473-7000,Casino,No,https://www.pokeratlas.com/poker-room/horseshoe-hammond,24/7
Hard Rock Northern Indiana,hardrockcasinonorthernindiana.com,5400 W 29th Ave,Gary,IN,(219) 228-2383,Casino,No,,Not available
Caesars Southern Indiana,caesars.com,11999 Casino Center Dr,Elizabeth,IN,(866) 676-7463,Casino,No,https://www.pokeratlas.com/poker-room/caesars-s-indiana-elizabeth,Sun: All Day; Mon-Thu: 9:00am - 5:00am; Fri-Sat: All Day
Horseshoe Indianapolis,caesars.com,4300 N Michigan Rd,Shelbyville,IN,(877) 386-4463,Casino,No,https://www.pokeratlas.com/poker-room/horseshoe-indy-shelbyville,24/7
Bally's Evansville,casinos.ballys.com,421 NW Riverside Dr,Evansville,IN,(812) 433-4000,Casino,No,https://www.pokeratlas.com/poker-room/evansville,11:00am - 4:00am Mon-Thu; All Day Fri-Sun
Horseshoe Council Bluffs,caesars.com,2701 23rd Ave,Council Bluffs,IA,(712) 323-2500,Casino,No,https://www.pokeratlas.com/poker-room/horseshoe-cb-council-bluffs,10:00am - 3:00am Sun-Thu; 10:00am - 5:00am Fri-Sat
Riverside Casino,riversidecasinoandresort.com,3184 IA-22,Riverside,IA,(319) 648-1234,Casino,No,https://www.pokeratlas.com/poker-room/riverside-casino,10:00am - TBD Tue-Sat; closed Mon
Grand Falls Casino,grandfallscasinoresort.com,1415 Grand Falls Blvd,Larchwood,IA,(712) 777-7777,Casino,No,https://www.pokeratlas.com/poker-room/grand-falls-larchwood,All Day Sun/Thu-Sat; closed Tue-Wed
Diamond Jo Casino,diamondjo.com,777 Diamond Jo Ln,Northwood,IA,(641) 323-7777,Casino,No,https://www.pokeratlas.com/poker-room/diamond-jo-northwood,Not available
Q Casino,qcasinoandhotel.com,1855 Greyhound Park Rd,Dubuque,IA,(563) 582-3647,Casino,No,https://www.pokeratlas.com/poker-room/q-casino-dubuque,Not available
Hollywood Casino KS Speedway,hollywoodcasinokansas.com,777 Hollywood Casino Blvd,Kansas City,KS,(913) 288-9300,Casino,No,https://www.pokeratlas.com/poker-room/hollywood-kansas-kansas-city,9:00am - 3:00am Sun-Thu; 9:00am - 5:00am Fri-Sat
Kansas Star Casino,kansasstarcasino.com,777 Kansas Star Dr,Mulvane,KS,(316) 719-5000,Casino,No,https://www.pokeratlas.com/poker-room/kansas-star-casino-mulvane,Not available
Prairie Band Casino,prairieband.com,12305 150th Rd,Mayetta,KS,(785) 966-7777,Casino,No,https://www.pokeratlas.com/poker-room/prairie-band-casino-mayetta,Closes if no games; reopens 10:00am
Boot Hill Casino,boothillcasino.com,4000 W Comanche St,Dodge City,KS,(620) 227-2244,Casino,No,https://www.pokeratlas.com/poker-room/boot-hill-casino-dodge-city,Not available
Caesars New Orleans,caesars.com,8 Canal St,New Orleans,LA,(800) 427-7247,Casino,No,https://www.pokeratlas.com/poker-room/caesars-new-orleans,10:00am - 4:00am Sun-Thu; 10:00am - 6:00am Fri-Sat
Horseshoe Bossier City,caesars.com,711 Horseshoe Blvd,Bossier City,LA,(800) 895-0711,Casino,No,https://www.pokeratlas.com/poker-room/horseshoe-bossier-bossier-city,9:00am - 4:00am Fri-Sat; 9:00am - 1:00am Sun/Wed/Thu; closed Mon/Tue
Coushatta Casino Resort,coushattacasinoresort.com,777 Coushatta Dr,Kinder,LA,(800) 584-7263,Casino,No,https://www.pokeratlas.com/poker-room/coushatta-casino-kinder,24/7
Bally's Shreveport,casinos.ballys.com,451 Clyde Fant Pkwy,Shreveport,LA,(877) 602-0711,Casino,No,https://www.pokeratlas.com/poker-room/ballys-shreveport,24/7
Paragon Casino Resort,paragoncasinoresort.com,711 Paragon Pl,Marksville,LA,(800) 946-1946,Casino,No,https://www.pokeratlas.com/poker-room/paragon-casino-marksville,4:00pm - TBD Sun/Fri/Sat; 5:00pm - TBD Wed/Thu; closed Mon/Tue
Hollywood Casino Bangor,hollywoodcasinobangor.com,500 Main St,Bangor,ME,(877) 779-7771,Casino,No,https://www.pokeratlas.com/poker-room/hollywood-bangor,12:00pm - 1:30am Sun/Sat; 2:00pm - 1:30am Thu/Fri; closed Mon-Wed
MGM National Harbor,mgmnationalharbor.mgmresorts.com,101 MGM National Ave,Oxon Hill,MD,(301) 971-5000,Casino,Yes,https://www.pokeratlas.com/poker-room/mgm-national-oxon-hill,24/7
Live! Casino & Hotel,maryland.livecasinohotel.com,7002 Arundel Mills Cir,Hanover,MD,(443) 842-7000,Casino,Yes,https://www.pokeratlas.com/poker-room/live-casino-hotel-hanover,Not available
Horseshoe Baltimore,caesars.com,1525 Russell St,Baltimore,MD,(844) 777-7463,Casino,No,https://www.pokeratlas.com/poker-room/horseshoe-baltimore,24/7
Hollywood Casino Perryville,hollywoodcasinoperryville.com,1201 Chesapeake Overlook,Perryville,MD,(410) 378-8500,Casino,No,https://www.pokeratlas.com/poker-room/hollywood-perryville,10:00am - TBD daily
MGM Springfield,mgmspringfield.mgmresorts.com,1 MGM Way,Springfield,MA,(413) 273-5000,Casino,Yes,https://www.pokeratlas.com/poker-room/mgm-springfield,10:00am - 2:00am Sun-Thu; 11:00am - 3:00am Fri-Sat
MGM Grand Detroit,mgmgranddetroit.com,1777 3rd Ave,Detroit,MI,(877) 888-2121,Casino,Yes,https://www.pokeratlas.com/poker-room/mgm-grand-detroit,24/7
MotorCity Casino Hotel,motorcitycasino.com,2901 Grand River Ave,Detroit,MI,(866) 782-9622,Casino,Yes,https://www.pokeratlas.com/poker-room/motorcity-casino-detroit,Not available
Hollywood Casino Greektown,hollywoodgreektown.com,555 E Lafayette St,Detroit,MI,(313) 223-2999,Casino,Yes,https://www.pokeratlas.com/poker-room/greektown-detroit,Not available
FireKeepers Casino,firekeeperscasino.com,11177 E Michigan Ave,Battle Creek,MI,(877) 352-8777,Casino,Yes,https://www.pokeratlas.com/poker-room/firekeepers-battle-creek,24/7
Soaring Eagle Casino,soaringeaglecasino.com,6800 Soaring Eagle Blvd,Mt Pleasant,MI,(888) 732-4537,Casino,Yes,https://www.pokeratlas.com/poker-room/soaring-eagle-mt-pleasant,10:00am - 1:45am Sun-Thu; 10:00am - 3:45am Fri-Sat
Gun Lake Casino,gunlakecasino.com,1123 129th Ave,Wayland,MI,(269) 792-7777,Casino,Yes,https://www.pokeratlas.com/poker-room/gun-lake-wayland,TBD - 4:00am Sun; 10:00am - 4:00am Mon-Thu; All Day Fri-Sat
Odawa Casino,odawacasino.com,1760 Lears Rd,Petoskey,MI,(877) 442-6464,Casino,No,https://www.pokeratlas.com/poker-room/odawa-casino-petoskey,4:00pm - 12:00am Sun/Fri/Sat; closed Mon-Thu
Island Resort & Casino,islandresortandcasino.com,W 399 Hwy 2,Harris,MI,(800) 682-6040,Casino,No,https://www.pokeratlas.com/poker-room/island-casino-harris,4:00pm - 2:00am Sun; closed Mon/Tue; 6:00pm - 2:00am Wed/Thu; 11:00am - 3:00am Fri; 4:00pm - 3:00am Sat
Kewadin Casino Sault Ste Marie,kewadin.com,2186 Shunk Rd,Sault Ste. Marie,MI,(800) 539-2346,Casino,No,https://www.pokeratlas.com/poker-room/kewadin-casino-sault-sainte-marie,Not available
Running Aces Casino,runaces.com,15201 Zurich St,Columbus,MN,(651) 925-4600,Casino,No,https://www.pokeratlas.com/poker-room/running-aces-forest-lake,24/7
Treasure Island Resort,ticasino.com,5734 Sturgeon Lake Rd,Welch,MN,(800) 222-7077,Casino,No,https://www.pokeratlas.com/poker-room/treasure-island-welch,12:00pm - 12:00am Thu; 12:00pm - 4:00am Fri/Sat
Fortune Bay Resort,fortunebay.com,1430 Bois Forte Rd,Tower,MN,(800) 992-7529,Casino,No,https://www.pokeratlas.com/poker-room/fortune-bay-casino-tower,4:00pm - TBD Fri; 12:00pm - TBD Sat; closed Sun-Thu
Shooting Star Casino,starcasino.com,777 Casino Rd,Mahnomen,MN,(800) 453-7827,Casino,No,https://www.pokeratlas.com/poker-room/shooting-star-mahnomen,6:00pm - TBD Fri/Sat; closed Sun-Thu
Cedar Lakes Casino,cedarlakescasino.com,6268 Upper Cass Frontage Rd,Cass Lake,MN,(844) 554-2646,Casino,No,https://www.pokeratlas.com/poker-room/cedar-lakes-casino-hotel-cass-lake,4:00pm - 1:45am Thu-Sat; closed Sun-Wed
Northern Lights Casino,northernlightscasino.com,6800 Y Frontage Rd NW,Walker,MN,(800) 252-7529,Casino,No,https://www.pokeratlas.com/poker-room/northern-lights-walker,Not available
Beau Rivage Resort,beaurivage.com,875 Beach Blvd,Biloxi,MS,(888) 567-6667,Casino,No,https://www.pokeratlas.com/poker-room/beau-rivage-biloxi,10:00am - 4:00am daily
IP Casino Resort Spa,ipbiloxi.com,850 Bayview Ave,Biloxi,MS,(888) 946-2847,Casino,No,https://www.pokeratlas.com/poker-room/ip-casino-biloxi,24/7
Horseshoe Tunica,caesars.com,1021 Casino Center Dr,Tunica Resorts,MS,(800) 303-7463,Casino,No,https://www.pokeratlas.com/poker-room/horseshoe-tunica-robinsonville,24/7
Pearl River Resort,pearlriverresort.com,13550 Hwy 16 W,Choctaw,MS,(866) 447-3275,Casino,No,https://www.pokeratlas.com/poker-room/pearl-river-resort-philadelphia,24/7
Hollywood Casino St. Louis,hollywoodcasinostlouis.com,777 Casino Center Dr,Maryland Heights,MO,(314) 770-8100,Casino,No,https://www.pokeratlas.com/poker-room/hollywood-st-louis-maryland-heights,8:00am - 3:00am Sun-Thu; All Day Fri-Sat
Harrah's Kansas City,caesars.com,1 Riverboat Dr,North Kansas City,MO,(816) 472-7777,Casino,No,https://www.pokeratlas.com/poker-room/harrahs-kc-kansas-city,9:00am - 5:00am Sun/Thu-Sat; 9:00am - 3:00am Mon-Wed
Horseshoe St. Louis,caesars.com,999 N 2nd St,St. Louis,MO,(314) 209-0777,Casino,No,https://www.pokeratlas.com/poker-room/horseshoe-st-louis,Sun: All Day; Mon-Thu: 9:00am - 5:00am; Fri-Sat: All Day
Century Casino Cape Girardeau,cnty.com,777 Main St,Cape Girardeau,MO,(573) 730-7777,Casino,No,https://www.pokeratlas.com/poker-room/century-girardeau-cape-girardeau,2:00pm - 2:00am Fri/Sat; 2:00pm - 12:00am Sun; closed Mon-Thu
Silvertip Casino,silvertipcasino.com,2230 Montana Ave,Missoula,MT,(406) 723-5353,Casino,No,https://www.pokeratlas.com/poker-room/silvertip-casino-missoula,Not available
Claim Jumper Casino,claimjumpermissoula.com,1600 W Broadway,Missoula,MT,(406) 543-0545,Casino,No,,Not available
Bugz's Casino,-,1323 Main St,Billings,MT,(406) 259-2712,Casino,No,https://www.pokeratlas.com/poker-room/bugzs-cardroom-billings,8:00pm - 2:00am Mon/Wed-Sat; 3:00pm - 2:00am Sun; closed Tue
Gray Wolf Peak Casino,graywolfpeakcasino.com,20750 US-93,Missoula,MT,(406) 726-3778,Casino,No,,Not available
Glacier Peaks Casino,glacierpeakscasino.com,46 Museum Loop,Browning,MT,(406) 338-2274,Casino,No,https://www.pokeratlas.com/poker-room/glacier-peaks-browning,Not available
Silver Creek Casino,silvercreekcasinomt.com,7025 W Broadway St,Missoula,MT,(406) 728-2579,Casino,No,https://www.pokeratlas.com/poker-room/silver-creek-missoula,Not available
Nickels Gaming Parlour,-,2100 N Last Chance Gulch,Helena,MT,(406) 442-3390,Casino,No,https://www.pokeratlas.com/poker-room/nickels-helena,TBD - TBD daily
93 Casino,-,50194 US-93,Arlee,MT,(406) 726-3778,Casino,No,https://www.pokeratlas.com/poker-room/93-casino-liquor-eureka,6:00pm - 2:00am Fri/Sat; 4:00pm - 2:00am Sun; closed Mon-Thu
Northern Winz Hotel & Casino,northernwinz.com,11200 US-87,Box Elder,MT,(406) 395-5420,Casino,No,https://www.pokeratlas.com/poker-room/northern-winz-box-elder,Not available
Aria Resort & Casino,aria.com,3730 Las Vegas Blvd S,Las Vegas,NV,(702) 590-7111,Casino,No,https://www.pokeratlas.com/poker-room/aria-las-vegas,24/7
Venetian Resort,venetian.com,3355 Las Vegas Blvd S,Las Vegas,NV,(702) 414-1000,Casino,No,https://www.pokeratlas.com/poker-room/venetian-las-vegas,24/7
Caesars Palace,caesars.com,3570 Las Vegas Blvd S,Las Vegas,NV,(866) 227-5938,Casino,No,https://www.pokeratlas.com/poker-room/caesars-palace-las-vegas,24/7
Horseshoe Las Vegas,caesars.com,3645 Las Vegas Blvd S,Las Vegas,NV,(877) 603-4390,Casino,No,https://www.pokeratlas.com/poker-room/horseshoe-las-vegas,24/7
Resorts World Las Vegas,rwlasvegas.com,3000 Las Vegas Blvd S,Las Vegas,NV,(833) 255-2927,Casino,No,https://www.pokeratlas.com/poker-room/resorts-world-las-vegas,24/7
MGM Grand,mgmgrand.com,3799 Las Vegas Blvd S,Las Vegas,NV,(877) 880-0880,Casino,No,https://www.pokeratlas.com/poker-room/mgm-grand-las-vegas,24/7
South Point Casino,southpointcasino.com,9777 Las Vegas Blvd S,Las Vegas,NV,(702) 796-7111,Casino,No,https://www.pokeratlas.com/poker-room/south-point-las-vegas,24/7
Orleans Hotel & Casino,orleanscasino.com,4500 W Tropicana Ave,Las Vegas,NV,(702) 365-7111,Casino,No,https://www.pokeratlas.com/poker-room/the-orleans-las-vegas,24/7
Red Rock Resort,redrock.sclv.com,11011 W Charleston Blvd,Las Vegas,NV,(702) 797-7777,Casino,No,https://www.pokeratlas.com/poker-room/red-rock-las-vegas,24/7
Skyline Casino,skylinehenderson.com,1741 N Boulder Hwy,Henderson,NV,(702) 565-9116,Casino,No,https://www.pokeratlas.com/poker-room/skyline-casino-henderson,6:00pm - TBD Sun/Fri/Sat; closed Mon-Wed
Atlantis Casino,atlantiscasino.com,3800 S Virginia St,Reno,NV,(800) 723-6500,Casino,No,https://www.pokeratlas.com/poker-room/atlantis-casino-reno,24/7
Grand Sierra Resort,grandsierraresort.com,2500 E 2nd St,Reno,NV,(800) 648-5080,Casino,No,https://www.pokeratlas.com/poker-room/grand-sierra-reno,11:00am - TBD Sun/Sat; 9:00am - TBD Mon-Thu; 11:00am - TBD Fri
Nugget Casino Resort,nuggetcasinoresort.com,1100 Nugget Ave,Sparks,NV,(800) 648-1177,Casino,No,https://www.pokeratlas.com/poker-room/ja-nugget-reno-sparks,Not available
Rainbow Hotel Casino,wendoverfun.com,1045 Wendover Blvd,West Wendover,NV,(800) 217-0049,Casino,No,https://www.pokeratlas.com/poker-room/rainbow-casino-west-wendover,Not available
Mesquite Gaming (CasaBlanca),casablancaresort.com,950 W Mesquite Blvd,Mesquite,NV,(877) 438-2929,Casino,No,https://www.pokeratlas.com/poker-room/casablanca-mesquite,Not available
Eureka Casino Resort,eurekamesquite.com,275 Mesa Blvd,Mesquite,NV,(702) 346-4600,Casino,No,https://www.pokeratlas.com/poker-room/eureka-mesquite,Not available
Filotimo Casino Manchester,filotimocasino.com,1279 S Willow St,Manchester,NH,(603) 668-6591,Casino,No,https://www.pokeratlas.com/poker-room/manchester-poker,8:00am - 1:00am Sun-Wed; 8:00am - 4:00am Thu-Sat
Filotimo Casino Dover,filotimocasino.com,887 Central Ave,Dover,NH,(603) 742-9632,Casino,No,https://www.pokeratlas.com/poker-room/revo-casino-social-house-dover,10:00am - 1:00am Sun-Thu; 10:00am - 2:00am Fri-Sat
Gate City Casino,gatecitycasino.com,55 Northeastern Blvd,Nashua,NH,(603) 943-7333,Casino,No,https://www.pokeratlas.com/poker-room/gate-city-nashua,9:00am - 1:00am Sun-Thu; 9:00am - 2:00am Fri-Sat
The River Casino,therivercasino.com,53 High St,Nashua,NH,(603) 881-5555,Casino,No,https://www.pokeratlas.com/poker-room/the-river-casino-nashua,Not available
Lakes Region Casino,lakesregioncasino.com,1265 Laconia Rd,Belmont,NH,(603) 527-8316,Casino,No,https://www.pokeratlas.com/poker-room/lakes-region-casino-belmont,12:00pm - 10:00pm Sun-Tue; 12:00pm - 1:00am Wed-Sat
Concord Casino,concordcasinonh.com,67 S Main St,Concord,NH,(603) 228-2882,Casino,No,https://www.pokeratlas.com/poker-room/concord-casino,Not available
Revo Casino - Conway,revocasino.com,1601 White Mountain Hwy,Conway,NH,(603) 447-6007,Casino,No,https://www.pokeratlas.com/poker-room/revo-casino-social-house-conway,8:00am - 1:00am Sun-Thu; 8:00am - 2:00am Fri-Sat
Revo Casino - Keene,revocasino.com,172 Emerald St,Keene,NH,(603) 357-6033,Casino,No,https://www.pokeratlas.com/poker-room/revo-casino-social-house-keene,10:00am - 1:00am Sun-Thu; 10:00am - 2:00am Fri-Sat
Revo Casino - Lebanon,revocasino.com,369 Miracle Mile,Lebanon,NH,(603) 448-7777,Casino,No,https://www.pokeratlas.com/poker-room/lebanon-poker-room,8:00am - 1:00am daily
Borgata Hotel Casino,theborgata.com,1 Borgata Way,Atlantic City,NJ,(609) 317-1000,Casino,No,https://www.pokeratlas.com/poker-room/borgata-atlantic-city,24/7
Harrah's Atlantic City,caesars.com,777 Harrah's Blvd,Atlantic City,NJ,(609) 441-5000,Casino,No,https://www.pokeratlas.com/poker-room/harrahs-ac-atlantic-city,TBD - 6:00am Sun; 11:00am - 6:00am Mon/Tue; 11:00am - 4:00am Wed/Thu; 11:30am - TBD Fri; All Day Sat
Sandia Resort & Casino,sandiacasino.com,30 Rainbow Rd,Albuquerque,NM,(505) 796-7500,Casino,No,https://www.pokeratlas.com/poker-room/sandia-poker-room-albuquerque,8:00am - 2:00am Sun/Fri/Sat; 8:00am - 12:00am Mon-Thu
Isleta Resort & Casino,isleta.com,11000 Broadway Blvd SE,Albuquerque,NM,(505) 724-3800,Casino,No,https://www.pokeratlas.com/poker-room/isleta-casino-albuquerque,9:00am - 2:00am Sun-Thu; 9:00am - 4:00am Fri-Sat
Route 66 Casino Hotel,rt66casino.com,14500 Central Ave SW,Albuquerque,NM,(505) 352-7866,Casino,No,https://www.pokeratlas.com/poker-room/route-66-casino-albuquerque,Not available
Buffalo Thunder Resort,hiltonbuffalothunder.com,20 Buffalo Thunder Trl,Santa Fe,NM,(505) 455-5555,Casino,No,https://www.pokeratlas.com/poker-room/buffalo-thunder-santa-fe,Not available
Santa Ana Star Casino,santaanastar.com,54 Jemez Canyon Dam Rd,Bernalillo,NM,(505) 867-0000,Casino,No,https://www.pokeratlas.com/poker-room/santa-ana-star-bernalillo,Not available
Turning Stone Resort,turningstone.com,5218 Patrick Rd,Verona,NY,(800) 771-7711,Casino,Yes,https://www.pokeratlas.com/poker-room/turning-stone-verona,24/7
Resorts World Catskills,rwcatskills.com,888 Resorts World Dr,Monticello,NY,(833) 586-9358,Casino,Yes,https://www.pokeratlas.com/poker-room/resorts-world-catski-monticello,All Day Mon-Thu; 10:00am - 2:00am Tue-Thu; All Day Fri-Sun
Rivers Casino Schenectady,riverscasino.com,1 Rush St,Schenectady,NY,(518) 579-8800,Casino,Yes,https://www.pokeratlas.com/poker-room/rivers-schenectady,10:00am - 2:00am Sun-Wed; 10:00am - 3:00am Thu-Sat
del Lago Resort & Casino,dellagoresort.com,1133 NY-414,Waterloo,NY,(315) 946-1777,Casino,No,https://www.pokeratlas.com/poker-room/del-lago-waterloo,9:00am - 2:00am Mon/Thu; 9:00am - 4:00am Fri/Sat; closed Tue/Wed
Tioga Downs Casino,tiogadowns.com,2384 W River Rd,Nichols,NY,(888) 946-8464,Casino,No,https://www.pokeratlas.com/poker-room/tioga-downs-nichols,10:00am - 2:00am Sun/Wed-Sat; closed Mon/Tue
Seneca Niagara Casino,senecaniagaracasino.com,310 4th St,Niagara Falls,NY,(877) 873-6322,Casino,No,https://www.pokeratlas.com/poker-room/seneca-niagara-niagara-falls,Not available
Harrah's Cherokee,caesars.com,777 Casino Dr,Cherokee,NC,(828) 497-7777,Casino,Yes,https://www.pokeratlas.com/poker-room/harrahs-cherokee,10:00am - 6:00am daily
Dakota Magic Casino,dakotamagic.com,16849 102nd St SE,Hankinson,ND,(800) 325-6825,Casino,No,https://www.pokeratlas.com/poker-room/dakota-magic-hankinson,Not available
Sky Dancer Casino,skydancercasino.com,3965 Sky Dancer Way,Belcourt,ND,(701) 244-2400,Casino,No,https://www.pokeratlas.com/poker-room/sky-dancer-casino-belcourt,12:00pm - TBD Sun/Sat; 4:00pm - TBD Mon/Wed/Fri; closed Tue/Thu
4 Bears Casino,4bearscasino.com,202 Frontage Rd,New Town,ND,(800) 294-5454,Casino,No,https://www.pokeratlas.com/poker-room/4-bears-new-town,6:00pm - TBD Wed-Fri; 2:00pm - TBD Sat; closed Sun-Tue
Hard Rock Cincinnati,hardrockcasinocincinnati.com,1000 Broadway St,Cincinnati,OH,(513) 252-0777,Casino,Yes,https://www.pokeratlas.com/poker-room/hard-rock-cincinnati,24/7
Hollywood Columbus,hollywoodcolumbus.com,200 Georgesville Rd,Columbus,OH,(614) 308-3333,Casino,Yes,https://www.pokeratlas.com/poker-room/hollywood-columbus,10:00am - 4:00am daily
Hollywood Toledo,hollywoodcasinotoledo.com,1968 Miami St,Toledo,OH,(419) 661-5200,Casino,No,https://www.pokeratlas.com/poker-room/hollywood-toledo,11:00am - 12:00am Sun; 12:00pm - 12:00am Mon-Thu; 11:00am - 1:00am Fri/Sat
JACK Cleveland Casino,jackentertainment.com,100 Public Sq,Cleveland,OH,(216) 297-4777,Casino,Yes,https://www.pokeratlas.com/poker-room/jack-cleveland,9:00am - 4:00am daily
Choctaw Casino Durant,choctawcasinos.com,4216 S Hwy 69,Durant,OK,(580) 920-0160,Casino,Yes,https://www.pokeratlas.com/poker-room/choctaw-durant,24/7
WinStar World Casino,winstar.com,777 Casino Ave,Thackerville,OK,(800) 622-6317,Casino,Yes,https://www.pokeratlas.com/poker-room/winstar-casino-thackerville,24/7
Hard Rock Tulsa,hardrockcasinotulsa.com,777 W Cherokee St,Catoosa,OK,(800) 760-6700,Casino,Yes,https://www.pokeratlas.com/poker-room/hard-rock-tulsa-catoosa,12:00pm - 3:00am Sun-Thu; 12:00pm - 4:00am Fri-Sat
River Spirit Casino,riverspirittulsa.com,8330 Riverside Pkwy,Tulsa,OK,(888) 748-3731,Casino,Yes,https://www.pokeratlas.com/poker-room/river-spirit-casino-tulsa,10:00am - 3:00am daily
Downstream Casino,downstreamcasino.com,69300 E Nee Rd,Quapaw,OK,(918) 919-6000,Casino,No,https://www.pokeratlas.com/poker-room/downstream-casino-quapaw,10:00am - 4:00am daily
Grand Casino Hotel,grandresortok.com,777 Grand Casino Blvd,Shawnee,OK,(405) 964-7777,Casino,No,https://www.pokeratlas.com/poker-room/grand-casino-shawnee,9:00am - 1:30am Wed/Thu; 9:00am - 4:00am Fri/Sat; closed Sun-Tue
Indigo Sky Casino,indigoskycasino.com,70220 US-60,Wyandotte,OK,(888) 992-7591,Casino,No,https://www.pokeratlas.com/poker-room/indigo-sky-casino-wyandotte,10:00am - 3:30am Wed-Sat; 10:00am - 12:00am Sun; closed Mon/Tue
Riverwind Casino,riverwind.com,1544 OK-9,Norman,OK,(405) 322-6000,Casino,No,https://www.pokeratlas.com/poker-room/riverwind-casino-norman,9:00am - 3:00am daily
Osage Casino Tulsa,osagecasino.com,951 W 36th St N,Tulsa,OK,(877) 246-8777,Casino,No,https://www.pokeratlas.com/poker-room/osage-tulsa,Temporarily closed (check current status)
Comanche Nation Casino,comanchenationcasinos.com,402 SE Interstate Dr,Lawton,OK,(580) 354-2000,Casino,No,https://www.pokeratlas.com/poker-room/comanche-nation-lawton,Not available
Spirit Mountain Casino,spiritmountain.com,27100 SW Salmon River Hwy,Grand Ronde,OR,(503) 879-2350,Casino,No,https://www.pokeratlas.com/poker-room/spirit-mountain-grand-ronde,Not available
Chinook Winds Casino,chinookwindscasino.com,1777 NW 44th St,Lincoln City,OR,(888) 244-6665,Casino,No,https://www.pokeratlas.com/poker-room/chinook-winds-lincoln-city,Not available
Three Rivers Casino,threeriverscasino.com,5647 OR-126,Florence,OR,(541) 997-7529,Casino,No,https://www.pokeratlas.com/poker-room/three-rivers-florence,12:00pm - TBD Sun/Thu-Sat; closed Mon-Wed
Seven Feathers Casino Resort,sevenfeathers.com,146 Chief Miwaleta Ln,Canyonville,OR,(800) 548-8461,Casino,No,https://www.pokeratlas.com/poker-room/seven-feathers-canyonville,Not available
Parx Casino,parxcasino.com,2999 Street Rd,Bensalem,PA,(888) 588-7279,Casino,Yes,https://www.pokeratlas.com/poker-room/parx-casino-bensalem,24/7
Rivers Casino Philadelphia,riverscasino.com,1001 N Delaware Ave,Philadelphia,PA,(877) 477-3715,Casino,Yes,https://www.pokeratlas.com/poker-room/rivers-philadelphia,24/7
Live! Casino Philadelphia,philadelphia.livecasinohotel.com,900 Packer Ave,Philadelphia,PA,(833) 472-5483,Casino,Yes,https://www.pokeratlas.com/poker-room/live-casino-philadelphia,24/7
Wind Creek Bethlehem,windcreek.com,77 Wind Creek Blvd,Bethlehem,PA,(484) 777-7777,Casino,Yes,https://www.pokeratlas.com/poker-room/wind-creek-bethlehem,24/7
Rivers Casino Pittsburgh,riverscasino.com,777 Casino Dr,Pittsburgh,PA,(412) 231-7777,Casino,Yes,https://www.pokeratlas.com/poker-room/rivers-casino-pittsburgh,TBD - 6:00am Sun; 10:00am - 6:00am Mon-Thu; 10:00am - TBD Fri; All Day Sat
Live! Casino Pittsburgh,pittsburgh.livecasinohotel.com,5260 US-30,Greensburg,PA,(878) 787-7770,Casino,No,https://www.pokeratlas.com/poker-room/live-casino-pittsburgh-greensburg,Not available
Mount Airy Casino,mountairycasino.com,312 Woodland Rd,Mount Pocono,PA,(877) 682-4791,Casino,Yes,https://www.pokeratlas.com/poker-room/mount-airy-casino-mt-pocono,24/7
Hollywood Casino Grantville,hollywoodpnrc.com,777 Hollywood Blvd,Grantville,PA,(717) 469-2211,Casino,Yes,https://www.pokeratlas.com/poker-room/hollywood-penn-natl-grantville,12:00pm - 2:00am Sun-Thu; 12:00pm - 4:00am Fri; 10:00am - 4:00am Sat
Hollywood Casino Meadows,hollywoodmeadows.com,210 Racetrack Rd,Washington,PA,(724) 503-1200,Casino,No,https://www.pokeratlas.com/poker-room/hollywood-meadows-washington,11:00am - 2:00am Sun; 1:00pm - 2:00am Mon-Thu; 11:00am - 4:00am Fri; All Day Sat
Bally's Twin River Lincoln,casinos.ballys.com,100 Twin River Rd,Lincoln,RI,(401) 723-3200,Casino,Yes,https://www.pokeratlas.com/poker-room/ballys-twin-river-lincoln,10:00am - 3:30am daily
Rivers Casino Portsmouth,riverscasino.com,3630 Victory Blvd,Portsmouth,VA,(757) 840-2100,Casino,No,https://www.pokeratlas.com/poker-room/rivers-casino-portsmouth,9:00am - 4:00am daily
Hard Rock Bristol,hardrockhotelcasinobristol.com,500 Gate City Hwy,Bristol,VA,(276) 696-3660,Casino,No,https://www.pokeratlas.com/poker-room/hard-rock-hotel-casino-bristol,24/7
Muckleshoot Casino,muckleshootcasino.com,2402 Auburn Way S,Auburn,WA,(800) 804-4944,Casino,Yes,https://www.pokeratlas.com/poker-room/muckleshoot-casino-auburn,Not available
Tulalip Resort Casino,tulalipresortcasino.com,10200 Quil Ceda Blvd,Tulalip,WA,(888) 272-1111,Casino,Yes,https://www.pokeratlas.com/poker-room/tulalip-casino-marysville,Not available
Last Frontier Casino,lastfrontiercasino.com,105 W 4th Ave,La Center,WA,(360) 575-1485,Casino,No,https://www.pokeratlas.com/poker-room/the-last-frontier-la-center,24/7
Palace Casino,thepalacecasino.com,8800 S Tacoma Way,Lakewood,WA,(253) 983-8400,Casino,No,https://www.pokeratlas.com/poker-room/palace-casino-lakewood,Not available
Chips Casino,chipscasinolakewood.com,10408 Pacific Hwy SW,Lakewood,WA,(253) 984-7222,Casino,No,https://www.pokeratlas.com/poker-room/chips-casino-lakewood,Not available
Snoqualmie Casino,snocasino.com,37500 SE North Bend Way,Snoqualmie,WA,(425) 888-1234,Casino,Yes,https://www.pokeratlas.com/poker-room/snoqualmie-casino,Not available
Northern Quest Casino,northernquest.com,100 N Hayford Rd,Airway Heights,WA,(877) 871-6772,Casino,Yes,https://www.pokeratlas.com/poker-room/northern-quest-airway-heights,11:00am - 2:00am daily
Black Pearl Casino,blackpearlspokane.com,2104 N Pines Rd,Spokane Valley,WA,(509) 290-5026,Casino,No,https://www.pokeratlas.com/poker-room/black-pearl-spokane,10:00am - TBD daily
Little Creek Casino,little-creek.com,91 W State Route 108,Shelton,WA,(800) 667-7711,Casino,No,https://www.pokeratlas.com/poker-room/little-creek-casino-shelton,10:00am - TBD daily
7 Cedars Casino,7cedars.com,270756 US-101,Sequim,WA,(360) 683-7777,Casino,No,https://www.pokeratlas.com/poker-room/7-cedars-sequim,6:00pm - TBD Sun/Thu-Sat; closed Mon-Wed
Swinomish Casino,swinomishcasinoandlodge.com,12885 Casino Dr,Anacortes,WA,(888) 288-8883,Casino,No,https://www.pokeratlas.com/poker-room/swinomish-casino-anacortes,Not available
Legends Casino,legendscasino.com,580 Fort Rd,Toppenish,WA,(509) 865-8800,Casino,No,https://www.pokeratlas.com/poker-room/legends-toppenish,4:00pm - TBD Wed-Sat; closed Sun-Tue
Crazy Moose Casino Pasco,crazymoosepasco.com,525 N 20th Ave,Pasco,WA,(509) 542-8566,Casino,No,https://www.pokeratlas.com/poker-room/crazy-moose-pasco,All Day Sun/Fri/Sat; 9:00am - 4:00am Mon-Thu
Joker's Casino,atomicbowl.com,624 Wellsian Way,Richland,WA,(509) 943-1173,Casino,No,https://www.pokeratlas.com/poker-room/jokers-casino-richland,12:00pm - 6:00am Sun/Sat; 1:00pm - 6:00am Mon-Fri
Wild Goose Casino,wildgoosecasino.com,1620 Canyon Rd,Ellensburg,WA,(509) 925-5626,Casino,No,https://www.pokeratlas.com/poker-room/wild-goose-casino-ellensburg,3:00pm - TBD Sun/Wed-Sat; closed Mon/Tue
Silver Dollar Casino (Renton),silverdollarcasino.com,3100 E Valley Rd,Renton,WA,(425) 226-2525,Casino,No,https://www.pokeratlas.com/poker-room/silver-dollar-renton,Not available
Silver Dollar Casino (SeaTac),silverdollarcasino.com,19222 International Blvd,SeaTac,WA,(206) 824-2347,Casino,No,https://www.pokeratlas.com/poker-room/silver-dollar-seattle,Not available
Roman Casino,romancasinowa.com,12140 Tukwila International Blvd,Tukwila,WA,(206) 722-2260,Casino,No,https://www.pokeratlas.com/poker-room/roman-casino,Not available
All Star Lanes & Casino,allstarlanescasino.com,10710 Silverdale Way NW,Silverdale,WA,(360) 692-5760,Casino,No,https://www.pokeratlas.com/poker-room/all-star-lanes-silverdale,10:00am - 4:00am daily
Lilac Lanes & Casino,lilaclanes.com,1112 E Magnesium Rd,Spokane,WA,(509) 467-5228,Casino,No,https://www.pokeratlas.com/poker-room/lilac-lanes-spokane,10:00am - TBD Mon-Fri; 11:00am - TBD Sat; 12:00pm - TBD Sun
Hollywood Charles Town,hollywoodcasinocharlestown.com,750 Hollywood Dr,Charles Town,WV,(800) 795-7001,Casino,No,https://www.pokeratlas.com/poker-room/hwood-charles-town,9:00am - 3:00am Sun/Wed; 9:00am - 6:00am Fri/Sat; closed Mon/Tue
Mardi Gras Casino,mardigrascasinowv.com,1 Greyhound Dr,Cross Lanes,WV,(800) 224-9683,Casino,No,https://www.pokeratlas.com/poker-room/mardi-gras-casino-nitro,4:00pm - 2:00am Wed/Thu; 1:00pm - 2:00am Fri/Sat; closed Sun-Tue
Potawatomi Casino Hotel,paysbig.com,1721 W Canal St,Milwaukee,WI,(800) 729-7244,Casino,Yes,https://www.pokeratlas.com/poker-room/potawatomi-casino-milwaukee,8:00am - 4:00am daily
Oneida Casino,oneidacasino.net,2020 Airport Dr,Green Bay,WI,(920) 494-4500,Casino,Yes,https://www.pokeratlas.com/poker-room/oneida-casino-green-bay,12:00pm - 4:00am Thu-Sat; closed Sun-Wed
Sevenwinds Casino,sevenwindscasino.com,13767 W County Rd B,Hayward,WI,(715) 634-5643,Casino,No,https://www.pokeratlas.com/poker-room/sevenwinds-hayward,Not available
Lake of the Torches,lakeofthetorches.com,510 Old Abe Rd,Lac Du Flambeau,WI,(800) 258-6724,Casino,No,https://www.pokeratlas.com/poker-room/lake-of-the-torches-lac-du-flambeau,Closed except Thu tournaments (registration 4pm start 6pm)
Wind River Casino,windriverhotelcasino.com,10269 WY-789,Riverton,WY,(307) 856-3964,Casino,No,https://www.pokeratlas.com/poker-room/wind-river-casino-riverton,Not available
101 Poker Club,101pokerclub.com,22410 Highland Knolls Dr,Katy,TX,(832) 913-6447,Standalone Card Room,Yes,https://www.pokeratlas.com/poker-room/101-poker-club-katy,24/7
52 Pick Up Social,-,-,Caddo Mills,TX,-,Standalone Card Room,No,,Not available
9 Dragons,-,-,Houston,TX,-,Standalone Card Room,No,https://www.pokeratlas.com/poker-room/9-dragons-houston,Not available
Ace 1 Social Club,-,-,Corpus Christi,TX,-,Standalone Card Room,No,,Not available
Ace Card Club,-,-,San Antonio,TX,-,Standalone Card Room,No,,Not available
Ace High Social,-,-,Burleson,TX,-,Standalone Card Room,No,https://www.pokeratlas.com/poker-room/ace-high-social-burleson,Not available
Aggieland Poker Club,-,-,College Station,TX,-,Standalone Card Room,Yes,https://www.pokeratlas.com/poker-room/aggieland-poker-club-college-station,Not available
Alamo Card House 2,alamocardhouse.com,3326 SE Military Dr,San Antonio,TX,(210) 900-2442,Standalone Card Room,Yes,https://www.pokeratlas.com/poker-room/alamo-card-house-2-san-antonio,11:00am - 3:00am daily
Alpha Social Card Club,-,-,Wichita Falls,TX,-,Standalone Card Room,No,https://www.pokeratlas.com/poker-room/alpha-social-card-club-wichita-falls,Not available
Amarillo Social Club,-,-,Amarillo,TX,-,Standalone Card Room,No,,Not available
Bluefelt El Paso Card Club,-,-,El Paso,TX,-,Standalone Card Room,No,,Not available
Broadway Social Club,-,-,Richmond,TX,-,Standalone Card Room,No,,Not available
Bullets Card Club,bulletscardclub.com,11900 Metric Blvd,Austin,TX,(512) 658-9488,Standalone Card Room,Yes,https://www.pokeratlas.com/poker-room/bullets-card-club-austin,12:00pm - 5:00am daily
Comal Card Haus,-,-,New Braunfels,TX,-,Standalone Card Room,No,,Not available
Crossroads Card House,-,-,Victoria,TX,-,Standalone Card Room,No,,Not available
Doghouse Poker Club,-,-,Cypress,TX,-,Standalone Card Room,Yes,https://www.pokeratlas.com/poker-room/doghouse-poker-club-cypress,10:00am - 4:00am daily
Elite Poker Lounge,-,-,McAllen,TX,-,Standalone Card Room,No,,Not available
Empire Poker Club,empirepokerclub.com,10815 W Sam Houston Pkwy N,Houston,TX,(832) 539-6593,Standalone Card Room,Yes,https://www.pokeratlas.com/poker-room/empire-poker-club-houston,24/7
Fortune Poker Club,-,-,Houston,TX,-,Standalone Card Room,No,,Not available
Gin Mill Card Club Farwell,-,-,Farwell,TX,-,Standalone Card Room,No,,Not available
Gin Mill Card Club Lubbock,-,-,Lubbock,TX,-,Standalone Card Room,Yes,https://www.pokeratlas.com/poker-room/gin-mill-card-club-lubbock,2:00pm - 4:00am Fri/Sat; 2:00pm - 12:00am Sun; 6:00pm - 2:00am Mon-Thu
House of Kings Card Club,-,-,El Paso,TX,-,Standalone Card Room,No,,Not available
Johny's Social Card Club,-,-,Wichita Falls,TX,-,Standalone Card Room,No,,Not available
Jokers of Aggieland Poker Club,-,-,College Station,TX,-,Standalone Card Room,No,,Not available
JokerStars Social Club,-,-,Houston,TX,-,Standalone Card Room,No,,Not available
Katy Poker,-,-,Katy,TX,-,Standalone Card Room,No,,Not available
KoJack's Poker Club,-,-,Midland,TX,-,Standalone Card Room,Yes,https://www.pokeratlas.com/poker-room/kojack-s-poker-club-midland,Not available
Lodge Card Club Austin,thelodgepokerclub.com,1401 S IH 35 Frontage Rd,Round Rock,TX,(512) 614-4340,Standalone Card Room,Yes,https://www.pokeratlas.com/poker-room/lodge-card-club-austin-round-rock,24/7
Lone Star Social,-,-,Cedar Park,TX,-,Standalone Card Room,No,,Not available
Lucky J Social Club,-,-,Houston,TX,-,Standalone Card Room,No,,Not available
Matador Poker House,-,-,Lubbock,TX,-,Standalone Card Room,No,,Not available
Oak Cliff Card Club,-,-,Dallas,TX,-,Standalone Card Room,No,,Not available
On The River Social Club,-,-,San Marcos,TX,-,Standalone Card Room,No,,Not available
Palace Poker,-,-,Grand Prairie,TX,-,Standalone Card Room,No,https://www.pokeratlas.com/poker-room/palace-poker-grand-prairie,Not available
PH Social Club Dallas,-,-,Dallas,TX,-,Standalone Card Room,No,,Not available
Poker 1,-,-,Odessa,TX,-,Standalone Card Room,No,,Not available
Poker House Fort Worth,-,-,Burleson,TX,-,Standalone Card Room,Yes,https://www.pokeratlas.com/poker-room/poker-house-fort-worth-burleson,9:00am - TBD daily
PrymeTyme Poker House,-,-,Canton,TX,-,Standalone Card Room,No,,Not available
Red Star Social,-,-,Austin,TX,-,Standalone Card Room,No,,Not available
River Rats Poker Club,-,-,Navasota,TX,-,Standalone Card Room,No,,Not available
Rustlers Poker Club,-,-,San Antonio,TX,-,Standalone Card Room,No,,Not available
SA Card House,sacardhouse.com,8407 Bandera Rd,San Antonio,TX,(210) 908-9669,Standalone Card Room,Yes,https://www.pokeratlas.com/poker-room/sa-card-house-san-antonio,24/7
Shuffle 214,shuffle214.com,11411 E Northwest Hwy,Dallas,TX,(214) 295-8861,Standalone Card Room,Yes,https://www.pokeratlas.com/poker-room/shuffle-214-dallas,10:00am - TBD daily
Shuffle 512,shuffle512.com,-,Austin,TX,-,Standalone Card Room,Yes,https://www.pokeratlas.com/poker-room/shuffle-512-austin,11:00am - TBD daily
South Plains Social Club,-,-,Farwell,TX,-,Standalone Card Room,No,,Not available
Spades Poker House,spadespoker.com,302 W Bay Area Blvd,Webster,TX,(832) 284-4112,Standalone Card Room,Yes,https://www.pokeratlas.com/poker-room/spades-poker-house-webster,24/7
Spades Poker House Baytown,-,-,Baytown,TX,-,Standalone Card Room,No,,Not available
Sportsbook Bishop Arts,-,-,Dallas,TX,-,Standalone Card Room,No,,Not available
Sun City Card Club,-,-,El Paso,TX,-,Standalone Card Room,No,,Not available
TCH Social Austin,texascardhouse.com,-,Austin,TX,-,Standalone Card Room,Yes,,Not available
TCH Social Las Colinas,texascardhouse.com,955 W John Carpenter Fwy,Irving,TX,(469) 206-0810,Standalone Card Room,Yes,https://www.pokeratlas.com/poker-room/tch-social-las-colinas-irving,24/7
Texas Card House Dallas,texascardhouse.com,11824 Webb Chapel Rd,Dallas,TX,(214) 272-7808,Standalone Card Room,Yes,https://www.pokeratlas.com/poker-room/texas-card-house-dallas,24/7
Texas Card House Houston,texascardhouse.com,1411 Spring Cypress Rd,Spring,TX,(281) 645-0010,Standalone Card Room,Yes,https://www.pokeratlas.com/poker-room/texas-card-house-houston,24/7
Texas Card House Rio Grande Valley,texascardhouse.com,403 W Trento Rd,Edinburg,TX,(956) 386-1383,Standalone Card Room,Yes,https://www.pokeratlas.com/poker-room/texas-card-house-rio-grande-valley-edinburg,9:00am - 6:00am daily
Texas Card House Spring,texascardhouse.com,-,Spring,TX,-,Standalone Card Room,Yes,https://www.pokeratlas.com/poker-room/texas-card-house-spring,24/7
Texas Double Deuce Social Club,-,-,Burleson,TX,-,Standalone Card Room,No,,Not available
Texline Card House,-,-,Texarkana,TX,-,Standalone Card Room,No,,Not available
The Big Blind,-,-,San Antonio,TX,-,Standalone Card Room,Yes,https://www.pokeratlas.com/poker-room/big-blind-san-antonio,Not available
The Club EPTX,-,-,El Paso,TX,-,Standalone Card Room,No,,Not available
The Desperado Club,-,-,Fort Worth,TX,-,Standalone Card Room,No,,Not available
The Fort Card Room,-,-,Aledo,TX,-,Standalone Card Room,No,https://www.pokeratlas.com/poker-room/the-fort-card-room-aledo,9:00am - TBD daily
The Hangar Poker House,-,-,Humble,TX,-,Standalone Card Room,Yes,https://www.pokeratlas.com/poker-room/hangar-poker-house-humble,Not available
The Office Card Room,-,-,San Antonio,TX,-,Standalone Card Room,No,,Not available
The River League,-,-,San Angelo,TX,-,Standalone Card Room,No,,Not available
The River Poker Club,-,-,Spring,TX,-,Standalone Card Room,No,https://www.pokeratlas.com/poker-room/the-river-poker-club-spring,3:00pm - TBD daily
The Royal Card Club,-,-,Brownwood,TX,-,Standalone Card Room,No,,Not available
The Royal Card House of San Antonio,-,-,San Antonio,TX,-,Standalone Card Room,No,,Not available
The Speakeasy Card Room,-,-,Gordon,TX,-,Standalone Card Room,No,,Not available
The Wheel Social Club,-,-,Houston,TX,-,Standalone Card Room,No,,Not available
The White Rabbit,-,-,San Antonio,TX,-,Standalone Card Room,No,,Not available
VIP Social Club,-,-,Amarillo,TX,-,Standalone Card Room,No,,Not available
West Texas Card House,-,-,Lubbock,TX,-,Standalone Card Room,No,,Not available
Bankers Casino,bankerscasino.net,111 Monterey St,Salinas,CA,(831) 422-6666,Standalone Card Room,Yes,https://www.pokeratlas.com/poker-room/bankers-casino-salinas,24/7
Oceanview Casino,-,-,Santa Cruz,CA,-,Standalone Card Room,No,,Not available
Outlaws Card Parlour,-,-,Atascadero,CA,-,Standalone Card Room,No,,Not available
Casino Monterey - The Marina Club,-,-,Marina,CA,-,Standalone Card Room,No,https://www.pokeratlas.com/poker-room/casino-monterey-the-marina-club,Not available
Bay 101 Casino,bay101.com,1788 N First St,San Jose,CA,(408) 451-8888,Standalone Card Room,Yes,https://www.pokeratlas.com/poker-room/bay-101-san-jose,24/7
Oaks Card Club,oakscardclub.com,4097 San Pablo Ave,Emeryville,CA,(510) 653-4456,Standalone Card Room,Yes,https://www.pokeratlas.com/poker-room/oaks-card-club-emeryville,24/7
Stones Gambling Hall,stonesgamblinghall.com,6508 Antelope Rd,Citrus Heights,CA,(916) 735-8440,Standalone Card Room,Yes,https://www.pokeratlas.com/poker-room/stones-gambling-hall-citrus-heights,24/7
Artichoke Joe's Casino,artichokejoes.com,659 Huntington Ave,San Bruno,CA,(650) 589-3147,Standalone Card Room,Yes,https://www.pokeratlas.com/poker-room/artichoke-joes-san-bruno,24/7
Lucky Chances Casino,luckychances.com,1700 Hillside Blvd,Colma,CA,(650) 758-2237,Standalone Card Room,Yes,https://www.pokeratlas.com/poker-room/lucky-chances-colma,24/7
Capitol Casino,capitol-casino.com,411 N 16th St,Sacramento,CA,(916) 446-0700,Standalone Card Room,Yes,https://www.pokeratlas.com/poker-room/capitol-casino-sacramento,24/7
Limelight Card Room,limelightcardroom.com,1014 Alhambra Blvd,Sacramento,CA,(916) 446-2208,Standalone Card Room,Yes,https://www.pokeratlas.com/poker-room/limelight-card-room-sacramento,11:00am - 1:30am Mon-Sat; 11:00am - 12:00am Sun
Kings Card Club,kingscardclub.com,6111 West Ln,Stockton,CA,(209) 267-4567,Standalone Card Room,Yes,https://www.pokeratlas.com/poker-room/kings-card-club-stockton,24/7
Parkwest Casino Cordova,parkwestcasinos.com,2801 Prospect Park Dr,Rancho Cordova,CA,(916) 361-9186,Standalone Card Room,Yes,https://www.pokeratlas.com/poker-room/parkwest-rancho-cordova,Not available
Parkwest Casino Lotus,parkwestcasinos.com,6010 Stockton Blvd,Sacramento,CA,(916) 399-4929,Standalone Card Room,Yes,https://www.pokeratlas.com/poker-room/lotus-sacramento,Not available
Parkwest Casino Lodi,parkwestcasinos.com,1800 S Cherokee Ln,Lodi,CA,(209) 334-9777,Standalone Card Room,Yes,https://www.pokeratlas.com/poker-room/parkwest-lodi,9:00am - TBD daily
Casino M8trix,casinom8trix.com,1887 Matrix Blvd,San Jose,CA,(408) 244-3333,Standalone Card Room,Yes,https://www.pokeratlas.com/poker-room/casino-m8trix-san-jose,24/7
Casino 99,casino99chico.com,175 E 20th St,Chico,CA,(530) 891-1000,Standalone Card Room,Yes,https://www.pokeratlas.com/poker-room/casino-99-chico,24/7
Turlock Poker Room,turlockpoker.com,2321 W Main St,Turlock,CA,(209) 668-1010,Standalone Card Room,Yes,https://www.pokeratlas.com/poker-room/turlock-poker-room,8:00am - 4:00am Sun-Thu; All Day Fri/Sat
Garlic City Casino,garliccitycasino.com,8630 San Ysidro Ave,Gilroy,CA,(408) 847-1606,Standalone Card Room,Yes,https://www.pokeratlas.com/poker-room/garlic-city-casino-gilroy,24/7
California Grand Casino,calgrandcasino.com,5988 Pacheco Blvd,Pacheco,CA,(925) 685-8397,Standalone Card Room,Yes,https://www.pokeratlas.com/poker-room/california-grand-pacheco,24/7
Livermore Casino,livermorecasino.net,3571 First St,Livermore,CA,(925) 447-1702,Standalone Card Room,Yes,https://www.pokeratlas.com/poker-room/livermore-casino-livermore,Not available
Palace Poker Casino,palacepokercasino.com,22821 Mission Blvd,Hayward,CA,(510) 582-1166,Standalone Card Room,No,https://www.pokeratlas.com/poker-room/palace-poker-casino-hayward,24/7
19th Hole,19thholeantioch.com,2746 W Tregallas Rd,Antioch,CA,(925) 757-6545,Standalone Card Room,No,,Not available
Black Pearl Casino,blackpearlspokane.com,2104 N Pines Rd,Spokane Valley,WA,(509) 290-5026,Standalone Card Room,No,https://www.pokeratlas.com/poker-room/black-pearl-spokane,10:00am - TBD daily
Lancer Lanes,lancerlanes.com,1250 Bridge St,Clarkston,WA,(509) 758-6731,Standalone Card Room,No,,3:00pm - TBD Wed-Sat; closed Sun-Tue
Lilac Lanes & Casino,lilaclanes.com,1112 E Magnesium Rd,Spokane,WA,(509) 467-5228,Standalone Card Room,No,https://www.pokeratlas.com/poker-room/lilac-lanes-spokane,10:00am - TBD Mon-Fri; 11:00am - TBD Sat; 12:00pm - TBD Sun
Clearwater Saloon & Casino,-,-,East Wenatchee,WA,-,Standalone Card Room,No,,12:00pm - 6:00am Sun/Fri/Sat; 3:00pm - 6:00am Mon/Tue; 1:00pm - 6:00am Wed/Thu
Club 48 Poker Room,-,-,Yakima,WA,-,Standalone Card Room,No,,12:00pm - 6:00am Sun/Tue/Sat; 2:00pm - 6:00am Mon/Wed-Thu/Fri
Fortune Poker Room,fortunepoker.com,14500 Interurban Ave S,Tukwila,WA,(425) 277-7667,Standalone Card Room,No,https://www.pokeratlas.com/poker-room/fortune-poker-room-renton,24/7
Red Dragon Poker,reddragonpoker.com,21917 Hwy 99,Mountlake Terrace,WA,(425) 774-7299,Standalone Card Room,No,https://www.pokeratlas.com/poker-room/red-dragon-poker,Not available
Caribbean Cardroom,caribbeancardroom.com,12526 120th Ave NE,Kirkland,WA,(425) 821-2244,Standalone Card Room,No,https://www.pokeratlas.com/poker-room/caribbean-cardroom-kirkland,Not available
Ace's Poker,acespoker.com,7004 220th St SW,Mountlake Terrace,WA,(425) 774-4263,Standalone Card Room,No,https://www.pokeratlas.com/poker-room/aces-poker,Not available
Last Frontier Casino,lastfrontiercasino.com,105 W 4th Ave,La Center,WA,(360) 575-1485,Standalone Card Room,No,https://www.pokeratlas.com/poker-room/the-last-frontier-la-center,24/7
Palace Casino,thepalacecasino.com,8800 S Tacoma Way,Lakewood,WA,(253) 983-8400,Standalone Card Room,No,https://www.pokeratlas.com/poker-room/palace-casino-lakewood,Not available
Chips Casino,chipscasinolakewood.com,10408 Pacific Hwy SW,Lakewood,WA,(253) 984-7222,Standalone Card Room,No,https://www.pokeratlas.com/poker-room/chips-casino-lakewood,Not available
Crazy Moose Casino Pasco,crazymoosepasco.com,525 N 20th Ave,Pasco,WA,(509) 542-8566,Standalone Card Room,No,https://www.pokeratlas.com/poker-room/crazy-moose-pasco,All Day Sun/Fri/Sat; 9:00am - 4:00am Mon-Thu
Joker's Casino,atomicbowl.com,624 Wellsian Way,Richland,WA,(509) 943-1173,Standalone Card Room,No,https://www.pokeratlas.com/poker-room/jokers-casino-richland,12:00pm - 6:00am Sun/Sat; 1:00pm - 6:00am Mon-Fri
Wild Goose Casino,wildgoosecasino.com,1620 Canyon Rd,Ellensburg,WA,(509) 925-5626,Standalone Card Room,No,https://www.pokeratlas.com/poker-room/wild-goose-casino-ellensburg,3:00pm - TBD Sun/Wed-Sat; closed Mon/Tue
Silver Dollar Casino Renton,silverdollarcasino.com,3100 E Valley Rd,Renton,WA,(425) 226-2525,Standalone Card Room,No,https://www.pokeratlas.com/poker-room/silver-dollar-renton,Not available
Roman Casino,romancasinowa.com,12140 Tukwila International Blvd,Tukwila,WA,(206) 722-2260,Standalone Card Room,No,https://www.pokeratlas.com/poker-room/roman-casino,Not available
All Star Lanes & Casino,allstarlanescasino.com,10710 Silverdale Way NW,Silverdale,WA,(360) 692-5760,Standalone Card Room,No,https://www.pokeratlas.com/poker-room/all-star-lanes-silverdale,10:00am - 4:00am daily
Seat Open Poker Room,-,-,Bozeman,MT,-,Standalone Card Room,No,,Not available
The Silver Slipper,thesilverslipper.net,-,Missoula,MT,-,Standalone Card Room,No,,Not available
Rimrock Lodge Poker Room,-,-,Thompson Falls,MT,-,Standalone Card Room,No,,Not available
Doc & Eddy's Poker Room,-,5100 Southgate Dr,Billings,MT,(406) 248-8311,Standalone Card Room,No,,Not available
Bugz's Cardroom,-,1323 Main St,Billings,MT,(406) 259-2712,Standalone Card Room,No,https://www.pokeratlas.com/poker-room/bugzs-cardroom-billings,8:00pm - 2:00am Mon/Wed-Sat; 3:00pm - 2:00am Sun; closed Tue
Shooters Poker Room,-,1600 Avenue D,Billings,MT,(406) 245-2122,Standalone Card Room,Yes,https://www.pokeratlas.com/poker-room/shooters-poker-room-billings,Not available
The Grandstand,-,905 Grand Ave,Billings,MT,(406) 252-8755,Standalone Card Room,No,,Not available
Queen of Hearts Card Club,-,1421 Broadwater Ave,Billings,MT,-,Standalone Card Room,No,,Not available
Red Door Lounge,-,3875 Grand Ave,Billings,MT,(406) 656-6410,Standalone Card Room,No,,Not available
Claim Jumper Casino,claimjumpermissoula.com,1600 W Broadway,Missoula,MT,(406) 543-0545,Standalone Card Room,No,,Not available
Silvertip Casino,silvertipcasino.com,2230 Montana Ave,Missoula,MT,(406) 723-5353,Standalone Card Room,No,https://www.pokeratlas.com/poker-room/silvertip-casino-missoula,Not available
Gray Wolf Peak Casino,graywolfpeakcasino.com,20750 US-93,Missoula,MT,(406) 726-3778,Standalone Card Room,No,,Not available
Stockman's Bar Poker Room,-,125 W Front St,Missoula,MT,(406) 543-3330,Standalone Card Room,No,,Not available
VFW Poker Room Missoula,-,245 W Main St,Missoula,MT,(406) 728-7789,Standalone Card Room,No,,Not available
Westside Lanes Poker,-,1615 Wyoming St,Missoula,MT,(406) 721-5263,Standalone Card Room,No,,Not available
Nickels Gaming Parlour,-,2100 N Last Chance Gulch,Helena,MT,(406) 442-3390,Standalone Card Room,No,https://www.pokeratlas.com/poker-room/nickels-helena,TBD - TBD daily
Rialto Bar,-,52 N Last Chance Gulch,Helena,MT,(406) 442-2533,Standalone Card Room,No,,Not available
Miller's Crossing,-,54 N Last Chance Gulch,Helena,MT,(406) 442-3290,Standalone Card Room,No,,Not available
Derby Lane Poker Room,derbylane.com,10490 Gandy Blvd N,St. Petersburg,FL,(727) 812-3339,Standalone Card Room,Yes,https://www.pokeratlas.com/poker-room/derby-lane-st-petersburg,All Day Sun/Fri/Sat; 10:00am - 4:00am Mon-Thu
Oxford Downs Poker Room,oxforddowns.com,17996 US-301,Summerfield,FL,(352) 245-2999,Standalone Card Room,Yes,https://www.pokeratlas.com/poker-room/oxford-downs-summerfield,24/7
Orange City Racing & Card Club,orangecitypoker.com,822 Saxon Blvd,Orange City,FL,(386) 252-6484,Standalone Card Room,Yes,,Not available
Daytona Racing & Card Club,daytonagreyhound.com,960 S Williamson Blvd,Daytona Beach,FL,(386) 252-6484,Standalone Card Room,Yes,,Not available
Ebro Poker Room,goebro.com,5425 FL-79,Ebro,FL,(850) 234-3943,Standalone Card Room,Yes,,Not available
Silks Poker Tampa Bay Downs,tampabaydowns.com,11225 Race Track Rd,Tampa,FL,(813) 855-4401,Standalone Card Room,Yes,,Not available
TGT Poker & Racebook,tgtpoker.com,8300 N Nebraska Ave,Tampa,FL,(813) 932-4313,Standalone Card Room,Yes,,Not available
One-Eyed Jacks Poker,skcpoker.com,5400 Bradenton Rd,Sarasota,FL,(941) 355-7744,Standalone Card Room,Yes,https://www.pokeratlas.com/poker-room/one-eyed-jacks-sarasota,9:00am - 3:00am Fri/Sat; 10:00am - 2:00am Sun-Thu
bestbet Jacksonville,bestbetjax.com,201 Monument Rd,Jacksonville,FL,(904) 646-0001,Standalone Card Room,Yes,https://www.pokeratlas.com/poker-room/bestbet-jacksonville-jacksonville,Not available
bestbet Orange Park,bestbetjax.com,455 Park Ave,Orange Park,FL,(904) 646-0001,Standalone Card Room,Yes,https://www.pokeratlas.com/poker-room/bestbet-orange-park,24/7
bestbet St. Augustine,bestbetjax.com,800 Marketplace Dr,St. Augustine,FL,(904) 646-0001,Standalone Card Room,Yes,https://www.pokeratlas.com/poker-room/bestbet-st-augustine,10:00am - 4:00am daily
Palm Beach Kennel Club,pbkennelclub.com,1111 N Congress Ave,West Palm Beach,FL,(561) 683-2222,Standalone Card Room,Yes,,Not available
Creek Entertainment,creekentertainment.com,449330 State Rd 12,Gretna,FL,(850) 875-6930,Standalone Card Room,Yes,,12:00pm - 4:00am Sun-Thu; 12:00pm - 6:00am Fri/Sat
Pensacola Greyhound,pensacolagreyhoundtrack.com,951 Dog Track Rd,Pensacola,FL,(850) 455-8531,Standalone Card Room,Yes,,Not available
The Last Frontier Casino,lastfrontiercasino.com,105 W 4th Ave,La Center,OR,(360) 575-1485,Standalone Card Room,No,https://www.pokeratlas.com/poker-room/the-last-frontier-la-center,24/7
Final Table Poker Club,finaltablepoker.com,2620 SE 122nd Ave,Portland,OR,(503) 760-7460,Standalone Card Room,Yes,https://www.pokeratlas.com/poker-room/final-table-poker-club-portland,Not available
Medford Social Club Poker Room,-,-,Medford,OR,-,Standalone Card Room,Yes,,Not available
Oregon Poker Club - Kit Kat Club,-,-,Portland,OR,-,Standalone Card Room,Yes,,8:00pm - 2:30am daily
Oregon Poker Club - Rialto Pool Room,-,-,Portland,OR,-,Standalone Card Room,Yes,,4:00pm - 2:30am daily
Oregon Poker Club - Stadiums Sports Bar,-,-,Portland,OR,-,Standalone Card Room,Yes,,12:00pm - TBD daily
The Club House,-,-,Roseburg,OR,-,Standalone Card Room,No,,3:00pm - 12:00am Sun; 5:00pm - 2:00am Mon; closed Tue; 5:00pm - 2:00am Wed/Thu; 6:30pm - 5:00am Fri; 4:30pm - 2:00am Sat
The Diamond Poker Club,-,-,Albany,OR,-,Standalone Card Room,No,,12:00pm - 12:00am Sun; 6:00pm - 12:00am Mon; 11:00am - 12:00am Tue; 6:00pm - 12:00am Wed; 11:00pm - 12:00am Thu; 12:00pm - 2:00am Fri; 6:00pm - 2:00am Sat
The Game,thegamepoker.com,901 SW Capitol Hwy,Portland,OR,(503) 244-3111,Standalone Card Room,Yes,,10:45am - 2:00am daily
Grants Pass Poker Room,-,-,Grants Pass,OR,-,Standalone Card Room,No,,Not available
High Mountain Poker,-,-,Eugene,OR,-,Standalone Card Room,Yes,https://www.pokeratlas.com/poker-room/high-mountain-poker-eugene,Not available
Full House Poker,fullhousepokereugene.com,2270 W 11th Ave,Eugene,OR,(541) 505-8664,Standalone Card Room,Yes,https://www.pokeratlas.com/poker-room/full-house-poker-eugene,4:00pm - 2:00am daily
Bend Poker Room,-,-,Bend,OR,-,Standalone Card Room,No,,4:30pm - 1:00am Mon-Sat; closed Sun except first Sun (2:00pm - 11:00pm)
International Poker Eugene,-,-,Eugene,OR,-,Standalone Card Room,No,,Not available
Manchester Poker,-,-,Manchester,NH,-,Standalone Card Room,No,https://www.pokeratlas.com/poker-room/manchester-poker,8:00am - 1:00am Sun-Wed; 8:00am - 4:00am Thu-Sat
Chasers Poker Room,chaserspokerroom.com,7 Veterans Memorial Pkwy,Salem,NH,(603) 893-4530,Standalone Card Room,No,https://www.pokeratlas.com/poker-room/chasers-poker-room-salem,Not available
Gate City Poker Room,gatecitycasino.com,55 Northeastern Blvd,Nashua,NH,(603) 943-7333,Standalone Card Room,No,https://www.pokeratlas.com/poker-room/gate-city-nashua,9:00am - 1:00am Sun-Thu; 9:00am - 2:00am Fri-Sat
Nash Casino Poker Room,-,-,Nashua,NH,-,Standalone Card Room,No,,Not available
Lebanon Poker Room,-,-,Lebanon,NH,-,Standalone Card Room,No,https://www.pokeratlas.com/poker-room/lebanon-poker-room,8:00am - 1:00am daily
The Brook Poker Room,livefreeandplay.com,319 New Zealand Rd,Seabrook,NH,(603) 474-3065,Standalone Card Room,Yes,https://www.pokeratlas.com/poker-room/the-brook-seabrook,8:00am - 1:00am Sun-Wed; 8:00am - 2:00am Thu-Sat
Filotimo Casino Manchester,filotimocasino.com,1279 S Willow St,Manchester,NH,(603) 668-6591,Standalone Card Room,No,https://www.pokeratlas.com/poker-room/manchester-poker,8:00am - 1:00am Sun-Wed; 8:00am - 4:00am Thu-Sat
Filotimo Casino Dover,filotimocasino.com,887 Central Ave,Dover,NH,(603) 742-9632,Standalone Card Room,No,https://www.pokeratlas.com/poker-room/revo-casino-social-house-dover,10:00am - 1:00am Sun-Thu; 10:00am - 2:00am Fri-Sat
The River Casino,therivercasino.com,53 High St,Nashua,NH,(603) 881-5555,Standalone Card Room,No,https://www.pokeratlas.com/poker-room/the-river-casino-nashua,Not available
Lakes Region Casino,lakesregioncasino.com,1265 Laconia Rd,Belmont,NH,(603) 527-8316,Standalone Card Room,No,https://www.pokeratlas.com/poker-room/lakes-region-casino-belmont,12:00pm - 10:00pm Sun-Tue; 12:00pm - 1:00am Wed-Sat
Concord Casino,concordcasinonh.com,67 S Main St,Concord,NH,(603) 228-2882,Standalone Card Room,No,https://www.pokeratlas.com/poker-room/concord-casino,Not available
Revo Casino - Conway,revocasino.com,1601 White Mountain Hwy,Conway,NH,(603) 447-6007,Standalone Card Room,No,https://www.pokeratlas.com/poker-room/revo-casino-social-house-conway,8:00am - 1:00am Sun-Thu; 8:00am - 2:00am Fri-Sat
Revo Casino - Keene,revocasino.com,172 Emerald St,Keene,NH,(603) 357-6033,Standalone Card Room,No,https://www.pokeratlas.com/poker-room/revo-casino-social-house-keene,10:00am - 1:00am Sun-Thu; 10:00am - 2:00am Fri-Sat
Revo Casino - Lebanon,revocasino.com,369 Miracle Mile,Lebanon,NH,(603) 448-7777,Standalone Card Room,No,https://www.pokeratlas.com/poker-room/lebanon-poker-room,8:00am - 1:00am daily
Burton Eagles Poker Room,-,-,Burton,MI,-,Charity Room,Yes,,Not available
DiCicco's Poker Room,-,-,Shelby Township,MI,-,Charity Room,Yes,https://www.pokeratlas.com/poker-room/dicicco-s-poker-room-shelby-township,Not available
G's Charity Poker,-,-,Shelby Township,MI,-,Charity Room,Yes,https://www.pokeratlas.com/poker-room/gs-charity-poker-shelby-township,11:00am - 1:30am Thu-Sat; closed Sun-Wed
Kings Poker Room,-,-,Grand Rapids,MI,-,Charity Room,Yes,https://www.pokeratlas.com/poker-room/kings-poker-room-grand-rapids,11:30am - 1:30am Sun/Sat; 4:00pm - 1:30am Thu/Fri; closed Mon-Wed
Muskegon Poker Room,-,-,Muskegon,MI,-,Charity Room,Yes,https://www.pokeratlas.com/poker-room/muskegon-poker-room-muskegon,Not available
Owosso Poker Room,-,-,Owosso,MI,-,Charity Room,Yes,,Not available
Paradise Poker,-,-,Utica,MI,-,Charity Room,Yes,https://www.pokeratlas.com/poker-room/paradise-poker-utica,11:00am - 2:00am Mon/Tue; 11:00am - 6:00pm Wed/Thu; closed Fri-Sun
Rosemack Poker Room,-,-,Roseville,MI,-,Charity Room,Yes,https://www.pokeratlas.com/poker-room/rosemack-roseville,11:00am - 2:00am Wed-Sat; closed Sun-Tue
Roundtree Poker Room,-,-,Ypsilanti,MI,-,Charity Room,Yes,https://www.pokeratlas.com/poker-room/roundtree-poker-room-ypsilanti,Not available
The Event Spot Poker Room,-,-,Clawson,MI,-,Charity Room,Yes,https://www.pokeratlas.com/poker-room/event-spot-poker-room-clawson,Not available
The Saginaw Poker Room,-,-,Saginaw,MI,-,Charity Room,Yes,https://www.pokeratlas.com/poker-room/saginaw-poker-room-saginaw,Not available
Thompson Poker Room,-,-,Ypsilanti,MI,-,Charity Room,Yes,https://www.pokeratlas.com/poker-room/thompson-poker-room-ypsilanti,Not available
Waterford Card Room,-,-,Waterford,MI,-,Charity Room,Yes,https://www.pokeratlas.com/poker-room/waterford-card-room-waterford,Not available
Krazy Kopz at Vision Lanes,-,-,Westland,MI,-,Charity Room,Yes,https://www.pokeratlas.com/poker-room/krazy-kopz-vision-lanes-westland,Not available
Krazy Kopz @ The Ivory Room,-,-,Westland,MI,-,Charity Room,Yes,,11:00am - 2:00am Mon/Wed; closed Thu-Sun
Legends Poker Place of Metamora,-,-,Metamora,MI,-,Charity Room,Yes,https://www.pokeratlas.com/poker-room/legends-poker-place-of-metamora,Not available
Momo's Poker Room,-,-,Taylor,MI,-,Charity Room,Yes,https://www.pokeratlas.com/poker-room/momo-s-poker-room-taylor,Not available
Ace High Poker Club,-,-,Oxford,MI,-,Charity Room,Yes,https://www.pokeratlas.com/poker-room/ace-high-poker-club-oxford,2:00pm - 3:00am Sun/Sat; 6:00pm - 3:00am Mon-Fri
Chicago Charitable Games,chicagocharitablegames.com,Various VFW halls in suburbs,Chicago Area,IL,(630) 901-9797,Charity Poker,No,https://www.pokeratlas.com/poker-room/ccg-poker-chicago,Not available
Rockford Charitable Games (RCG Poker),rcgpoker.com,5615 N Cumberland Ave,Chicago,IL,(815) 965-7767,Charity Poker,No,https://www.pokeratlas.com/poker-room/rockford-charity-games-rockford,Not available
Central Illinois Charitable Games (CICG Poker),centralillinoischaritablegames.com,807 E Southline Rd (Moose Lodge #729),Tuscola,IL,(309) 585-2424,Charity Poker,No,,12:00pm - 12:00am Sun; 4:00pm - 1:00am Wed; 2:00pm - 1:00am Thu-Sat; closed Mon/Tue
Windy City Poker Championship,windycity.poker,Various south suburbs,Orland Park,IL,(708) 935-2861,Charity Poker,No,,Not available
Play Poker Chicago,playpokerchicago.com,Various northwest suburbs,Chicago Area,IL,(847) 989-2424,Charity Poker,No,,Not available
The Event Spot,-,Lansing/Delta Township area,Lansing,MI,(517) 827-2768,Charity Poker,No,https://www.pokeratlas.com/poker-room/event-spot-poker-room-clawson,Not available
Krazy Kopz at Vision Lanes,-,38250 Ford Rd,Westland,MI,(734) 641-8180,Charity Poker,Yes,https://www.pokeratlas.com/poker-room/krazy-kopz-vision-lanes-westland,Not available
Ciccarelli's Sports Bar,ciccarellis-22sportsbar.com,46793 Hayes Rd,Shelby Township,MI,(586) 247-2223,Charity Poker,No,https://www.pokeratlas.com/poker-room/dicicco-s-poker-room-shelby-township,Not available
DiCicco's Poker Room,-,46793 Hayes Rd,Shelby Township,MI,(586) 247-2223,Charity Poker,Yes,https://www.pokeratlas.com/poker-room/dicicco-s-poker-room-shelby-township,Not available
G's Charity Poker,-,56129 Van Dyke Ave,Shelby Township,MI,(810) 246-0089,Charity Poker,Yes,https://www.pokeratlas.com/poker-room/gs-charity-poker-shelby-township,11:00am - 1:30am Thu-Sat; closed Sun-Wed
Huron Poker Room (Friends of Huron),facebook.com/HuronPoker,American Legion Post 57,Oscoda,MI,(989) 739-1411,Charity Poker,No,,Not available
5 Star Charity Poker,facebook.com/5StarCharityPoker,2666 Metro Pkwy,Sterling Heights,MI,(586) 854-2271,Charity Poker,No,,Not available
Northway Lanes Poker Room,bowlnorthway.com,1751 Evanston Ave,Muskegon,MI,(231) 773-4567,Charity Poker,No,,Not available
All Star Poker,-,-,Walled Lake,MI,-,Charity Poker,No,,Not available
300 Bowl Card Room,300bowl.com,100 S Cass Lake Rd,Waterford,MI,(248) 682-6300,Charity Poker,No,,Not available
MO's Poker Room,-,Telegraph/Van Born area,Dearborn Heights,MI,-,Charity Poker,No,,Not available
Legends Poker Place of Metamora,-,3546 S Lapeer Rd,Metamora,MI,(810) 678-3801,Charity Poker,Yes,https://www.pokeratlas.com/poker-room/legends-poker-place-of-metamora,Not available
Momo's Poker Room,-,-,Taylor,MI,-,Charity Poker,Yes,https://www.pokeratlas.com/poker-room/momo-s-poker-room-taylor,Not available
Rosemack Poker Room,-,-,Roseville,MI,-,Charity Poker,Yes,https://www.pokeratlas.com/poker-room/rosemack-roseville,11:00am - 2:00am Wed-Sat; closed Sun-Tue
Roundtree Poker Room,-,-,Ypsilanti,MI,-,Charity Poker,Yes,https://www.pokeratlas.com/poker-room/roundtree-poker-room-ypsilanti,Not available
Thompson Poker Room,-,-,Ypsilanti,MI,-,Charity Poker,Yes,https://www.pokeratlas.com/poker-room/thompson-poker-room-ypsilanti,Not available
Waterford Card Room,-,-,Waterford,MI,-,Charity Poker,Yes,https://www.pokeratlas.com/poker-room/waterford-card-room-waterford,Not available
Burton Eagles Poker Room,-,-,Burton,MI,-,Charity Poker,Yes,,Not available
Krazy Kopz @ The Ivory Room,-,-,Westland,MI,-,Charity Poker,Yes,,11:00am - 2:00am Mon/Wed; closed Thu-Sun
Poker Zone,-,-,Holland,MI,-,Charity Poker,No,,Not available
King's Charity Poker Room,-,6209 Division Ave S,Grand Rapids,MI,-,Charity Poker,No,,Not available
Cheers Poker Room & Casino,cheerspokernh.com,286 S Main St,Manchester,NH,(603) 606-1766,Charity Poker,No,https://www.pokeratlas.com/poker-room/cheers-poker-room-manchester,Not available
The Brook,livefreeandplay.com,319 New Zealand Rd,Seabrook,NH,(603) 474-3065,Charity Poker,No,https://www.pokeratlas.com/poker-room/the-brook-seabrook,8:00am - 1:00am Sun-Wed; 8:00am - 2:00am Thu-Sat
Chasers Poker Room,chaserspokerroom.com,7 Veterans Memorial Pkwy,Salem,NH,(603) 912-4604,Charity Poker,No,https://www.pokeratlas.com/poker-room/chasers-poker-room-salem,Not available
Aces and Eights Casino,acesandeightscasinos.com,169 Ocean Blvd,Hampton,NH,(603) 926-6222,Charity Poker,No,,Not available
Beach Club Casino,-,81 Ocean Blvd,Hampton,NH,-,Charity Poker,No,,Not available
Casino Salem,-,99 Rockingham Park Blvd,Salem,NH,-,Charity Poker,No,,Not available
Filotimo Casino Manchester,filotimocasino.com,1279 S Willow St,Manchester,NH,(603) 668-6591,Charity Poker,No,https://www.pokeratlas.com/poker-room/manchester-poker,8:00am - 1:00am Sun-Wed; 8:00am - 4:00am Thu-Sat
Filotimo Casino Dover,filotimocasino.com,887 Central Ave,Dover,NH,(603) 742-9632,Charity Poker,No,https://www.pokeratlas.com/poker-room/revo-casino-social-house-dover,10:00am - 1:00am Sun-Thu; 10:00am - 2:00am Fri-Sat
Gate City Casino,gatecitycasino.com,55 Northeastern Blvd,Nashua,NH,(603) 943-7333,Charity Poker,No,https://www.pokeratlas.com/poker-room/gate-city-nashua,9:00am - 1:00am Sun-Thu; 9:00am - 2:00am Fri-Sat
The River Casino,therivercasino.com,53 High St,Nashua,NH,(603) 881-5555,Charity Poker,No,https://www.pokeratlas.com/poker-room/the-river-casino-nashua,Not available
Lakes Region Casino,lakesregioncasino.com,1265 Laconia Rd,Belmont,NH,(603) 267-7778,Charity Poker,No,https://www.pokeratlas.com/poker-room/lakes-region-casino-belmont,12:00pm - 10:00pm Sun-Tue; 12:00pm - 1:00am Wed-Sat
Concord Casino,concordcasinonh.com,67 S Main St,Concord,NH,(603) 228-2882,Charity Poker,No,https://www.pokeratlas.com/poker-room/concord-casino,Not available
Revo Casino Conway,revocasino.com,1601 White Mountain Hwy,Conway,NH,(603) 447-6007,Charity Poker,No,https://www.pokeratlas.com/poker-room/revo-casino-social-house-conway,Not available
Revo Casino Keene,revocasino.com,172 Emerald St,Keene,NH,(603) 357-6033,Charity Poker,No,https://www.pokeratlas.com/poker-room/revo-casino-social-house-keene,Not available
Revo Casino Lebanon,revocasino.com,369 Miracle Mile,Lebanon,NH,(603) 448-7777,Charity Poker,No,https://www.pokeratlas.com/poker-room/lebanon-poker-room,Not available
Seabrook Poker Room,-,-,Seabrook,NH,-,Charity Poker,No,,Not available
Canterbury Park Card Club,canterburypark.com,1100 Canterbury Rd,Shakopee,MN,(952) 445-6870,Charity Poker,No,,Not available
American Legion East Grand Forks,-,-,East Grand Forks,MN,-,Charity Poker,No,,Not available
Beef O' Brady's St Francis,beefs.com,23212 St Francis Blvd NW,St Francis,MN,(763) 753-8888,Charity Poker,No,,Not available
Billy's Corner Bar & Grill,-,Various locations,Various,MN,-,Charity Poker,No,,Not available
Billy's Rockford Bar,-,-,Rockford,MN,-,Charity Poker,No,,Not available
Sure Bet,-,Minneapolis area,Minneapolis,MN,-,Charity Poker,No,,Not available
Fortune Bay Resort Casino Poker,fortunebay.com,1430 Bois Forte Rd,Tower,MN,(800) 992-7529,Charity Poker,No,,4:00pm - TBD Fri; 12:00pm - TBD Sat; closed Sun-Thu
Mad River Poker Club,madriverpoker.com,Greater Dayton area,Dayton,OH,-,Charity Poker,No,,12:00pm - TBD Fri; 2:00pm - TBD Sun; 3:00pm - TBD Mon/Tue/Wed/Sat
Shark Tank Poker Club,sharktankpokerclub.com,1508 Bethel Rd,Columbus,OH,(614) 459-2676,Charity Poker,No,,Not available
Big Stack Poker Club,bigstackpokerclub.com/charities,Northeast OH (traveling),Northeast Ohio,OH,-,Charity Poker,No,,Traveling/event-based
Buckeye Charity Poker,-,28301 Chardon Rd,Willoughby Hills,OH,-,Charity Poker,No,,Not available
Nautica Charity Poker Festivals,-,2249 Elm St,Cleveland,OH,-,Charity Poker,No,,Not available
Chagrin Falls Dads' Club Poker Tournament,chagrindads.com,83 N Main St,Chagrin Falls,OH,-,Charity Poker,No,,Not available
Bexley Community Foundation Poker Fundraiser,bexley.org/poker,Jeffrey Mansion,Bexley,OH,-,Charity Poker,No,,Not available
The Joker Club,-,Akron area,Akron,OH,-,Charity Poker,No,,Not available
Reserve Poker Club,-,Statewide,Various,OH,-,Charity Poker,No,,Not available
Grinder's Poker Club,-,-,Zanesville,OH,-,Charity Poker,No,,Not available
Elks Lodges (Various),elks.org,Various locations,Various,WI,-,Charity Poker,No,,Not available
Little Kings and Queens,-,-,Buford,GA,-,Charity Poker,No,,Not available
Elks #155 Charity Casino,-,-,Fort Wayne,IN,-,Charity Poker,No,,Not available
Central Valley Gaming (Turlock Poker Room),turlockpoker.com,2321 W Main St,Turlock,CA,(209) 668-1010,Charity Poker,Yes,https://www.pokeratlas.com/poker-room/turlock-poker-room,8:00am - 4:00am Sun-Thu; All Day Fri/Sat
