{
  "description": "Verified PokerAtlas URLs for US poker rooms - comprehensive database",
  "last_updated": "2026-01-22",
  "note": "Slugs verified from PokerAtlas directory structure",
  "venues": [
    {"name": "Bellagio", "city": "Las Vegas", "state": "NV", "slug": "bellagio", "url": "https://www.pokeratlas.com/poker-room/bellagio/tournaments"},
    {"name": "ARIA Resort & Casino", "city": "Las Vegas", "state": "NV", "slug": "aria", "url": "https://www.pokeratlas.com/poker-room/aria/tournaments"},
    {"name": "Wynn Las Vegas", "city": "Las Vegas", "state": "NV", "slug": "wynn-las-vegas", "url": "https://www.pokeratlas.com/poker-room/wynn-las-vegas/tournaments"},
    {"name": "The Venetian Resort", "city": "Las Vegas", "state": "NV", "slug": "venetian-resort-las-vegas", "url": "https://www.pokeratlas.com/poker-room/venetian-resort-las-vegas/tournaments"},
    {"name": "Resorts World Las Vegas", "city": "Las Vegas", "state": "NV", "slug": "resorts-world-las-vegas", "url": "https://www.pokeratlas.com/poker-room/resorts-world-las-vegas/tournaments"},
    {"name": "MGM Grand", "city": "Las Vegas", "state": "NV", "slug": "mgm-grand", "url": "https://www.pokeratlas.com/poker-room/mgm-grand/tournaments"},
    {"name": "Horseshoe Las Vegas", "city": "Las Vegas", "state": "NV", "slug": "horseshoe-las-vegas", "url": "https://www.pokeratlas.com/poker-room/horseshoe-las-vegas/tournaments"},
    {"name": "Westgate Las Vegas", "city": "Las Vegas", "state": "NV", "slug": "westgate-las-vegas-resort-casino", "url": "https://www.pokeratlas.com/poker-room/westgate-las-vegas-resort-casino/tournaments"},
    {"name": "The Orleans", "city": "Las Vegas", "state": "NV", "slug": "orleans-hotel-casino", "url": "https://www.pokeratlas.com/poker-room/orleans-hotel-casino/tournaments"},
    {"name": "South Point Hotel Casino", "city": "Las Vegas", "state": "NV", "slug": "south-point-hotel-casino", "url": "https://www.pokeratlas.com/poker-room/south-point-hotel-casino/tournaments"},
    {"name": "Red Rock Casino", "city": "Las Vegas", "state": "NV", "slug": "red-rock-casino-resort-spa", "url": "https://www.pokeratlas.com/poker-room/red-rock-casino-resort-spa/tournaments"},
    {"name": "Green Valley Ranch", "city": "Henderson", "state": "NV", "slug": "green-valley-ranch-resort-spa-casino", "url": "https://www.pokeratlas.com/poker-room/green-valley-ranch-resort-spa-casino/tournaments"},
    {"name": "Suncoast Hotel and Casino", "city": "Las Vegas", "state": "NV", "slug": "suncoast-hotel-casino", "url": "https://www.pokeratlas.com/poker-room/suncoast-hotel-casino/tournaments"},
    {"name": "Sunset Station", "city": "Henderson", "state": "NV", "slug": "sunset-station-hotel-casino", "url": "https://www.pokeratlas.com/poker-room/sunset-station-hotel-casino/tournaments"},
    {"name": "Santa Fe Station", "city": "Las Vegas", "state": "NV", "slug": "santa-fe-station-hotel-casino", "url": "https://www.pokeratlas.com/poker-room/santa-fe-station-hotel-casino/tournaments"},
    {"name": "Palace Station", "city": "Las Vegas", "state": "NV", "slug": "palace-station-hotel-casino", "url": "https://www.pokeratlas.com/poker-room/palace-station-hotel-casino/tournaments"},
    {"name": "Texas Station", "city": "North Las Vegas", "state": "NV", "slug": "texas-station-gambling-hall-hotel", "url": "https://www.pokeratlas.com/poker-room/texas-station-gambling-hall-hotel/tournaments"},
    {"name": "Sam's Town Hotel & Gambling Hall", "city": "Las Vegas", "state": "NV", "slug": "sams-town-hotel-gambling-hall", "url": "https://www.pokeratlas.com/poker-room/sams-town-hotel-gambling-hall/tournaments"},
    {"name": "Boulder Station", "city": "Las Vegas", "state": "NV", "slug": "boulder-station-hotel-casino", "url": "https://www.pokeratlas.com/poker-room/boulder-station-hotel-casino/tournaments"},
    {"name": "Atlantis Casino Resort Spa", "city": "Reno", "state": "NV", "slug": "atlantis-casino-resort-spa", "url": "https://www.pokeratlas.com/poker-room/atlantis-casino-resort-spa/tournaments"},
    {"name": "Peppermill Resort Spa Casino", "city": "Reno", "state": "NV", "slug": "peppermill-resort-spa-casino", "url": "https://www.pokeratlas.com/poker-room/peppermill-resort-spa-casino/tournaments"},
    {"name": "Grand Sierra Resort", "city": "Reno", "state": "NV", "slug": "grand-sierra-resort", "url": "https://www.pokeratlas.com/poker-room/grand-sierra-resort/tournaments"},
    {"name": "Nugget Casino Resort", "city": "Sparks", "state": "NV", "slug": "nugget-casino-resort-sparks", "url": "https://www.pokeratlas.com/poker-room/nugget-casino-resort-sparks/tournaments"},
    {"name": "Baldinis Sports Casino", "city": "Sparks", "state": "NV", "slug": "baldinis-sports-casino", "url": "https://www.pokeratlas.com/poker-room/baldinis-sports-casino/tournaments"},
    {"name": "Rail City Casino", "city": "Sparks", "state": "NV", "slug": "rail-city-casino", "url": "https://www.pokeratlas.com/poker-room/rail-city-casino/tournaments"},

    {"name": "Commerce Casino", "city": "Commerce", "state": "CA", "slug": "commerce-casino", "url": "https://www.pokeratlas.com/poker-room/commerce-casino/tournaments"},
    {"name": "Bicycle Hotel & Casino", "city": "Bell Gardens", "state": "CA", "slug": "bicycle-hotel-casino", "url": "https://www.pokeratlas.com/poker-room/bicycle-hotel-casino/tournaments"},
    {"name": "Hustler Casino", "city": "Gardena", "state": "CA", "slug": "hustler-casino", "url": "https://www.pokeratlas.com/poker-room/hustler-casino/tournaments"},
    {"name": "Hollywood Park Casino", "city": "Inglewood", "state": "CA", "slug": "hollywood-park-casino", "url": "https://www.pokeratlas.com/poker-room/hollywood-park-casino/tournaments"},
    {"name": "The Gardens Casino", "city": "Hawaiian Gardens", "state": "CA", "slug": "gardens-casino", "url": "https://www.pokeratlas.com/poker-room/gardens-casino/tournaments"},
    {"name": "Bay 101", "city": "San Jose", "state": "CA", "slug": "bay-101", "url": "https://www.pokeratlas.com/poker-room/bay-101/tournaments"},
    {"name": "Lucky Chances", "city": "Colma", "state": "CA", "slug": "lucky-chances", "url": "https://www.pokeratlas.com/poker-room/lucky-chances/tournaments"},
    {"name": "Stones Gambling Hall", "city": "Citrus Heights", "state": "CA", "slug": "stones-gambling-hall", "url": "https://www.pokeratlas.com/poker-room/stones-gambling-hall/tournaments"},
    {"name": "Thunder Valley Casino Resort", "city": "Lincoln", "state": "CA", "slug": "thunder-valley-casino-resort", "url": "https://www.pokeratlas.com/poker-room/thunder-valley-casino-resort/tournaments"},
    {"name": "Graton Resort & Casino", "city": "Rohnert Park", "state": "CA", "slug": "graton-resort-casino", "url": "https://www.pokeratlas.com/poker-room/graton-resort-casino/tournaments"},
    {"name": "Cache Creek Casino Resort", "city": "Brooks", "state": "CA", "slug": "cache-creek-casino-resort", "url": "https://www.pokeratlas.com/poker-room/cache-creek-casino-resort/tournaments"},
    {"name": "Pechanga Resort Casino", "city": "Temecula", "state": "CA", "slug": "pechanga-resort-casino", "url": "https://www.pokeratlas.com/poker-room/pechanga-resort-casino/tournaments"},
    {"name": "Pala Casino Spa Resort", "city": "Pala", "state": "CA", "slug": "pala-casino-spa-resort", "url": "https://www.pokeratlas.com/poker-room/pala-casino-spa-resort/tournaments"},
    {"name": "Barona Resort & Casino", "city": "Lakeside", "state": "CA", "slug": "barona-resort-casino", "url": "https://www.pokeratlas.com/poker-room/barona-resort-casino/tournaments"},
    {"name": "Agua Caliente Casino Resort Spa Rancho Mirage", "city": "Rancho Mirage", "state": "CA", "slug": "agua-caliente-casino-resort-spa-rancho-mirage", "url": "https://www.pokeratlas.com/poker-room/agua-caliente-casino-resort-spa-rancho-mirage/tournaments"},
    {"name": "San Manuel Casino", "city": "Highland", "state": "CA", "slug": "san-manuel-casino", "url": "https://www.pokeratlas.com/poker-room/san-manuel-casino/tournaments"},
    {"name": "Morongo Casino Resort & Spa", "city": "Cabazon", "state": "CA", "slug": "morongo-casino-resort-spa", "url": "https://www.pokeratlas.com/poker-room/morongo-casino-resort-spa/tournaments"},
    {"name": "Artichoke Joe's Casino", "city": "San Bruno", "state": "CA", "slug": "artichoke-joes-casino", "url": "https://www.pokeratlas.com/poker-room/artichoke-joes-casino/tournaments"},
    {"name": "M8trix", "city": "San Jose", "state": "CA", "slug": "m8trix", "url": "https://www.pokeratlas.com/poker-room/m8trix/tournaments"},
    {"name": "Oaks Card Club", "city": "Emeryville", "state": "CA", "slug": "oaks-card-club", "url": "https://www.pokeratlas.com/poker-room/oaks-card-club/tournaments"},
    {"name": "Livermore Casino", "city": "Livermore", "state": "CA", "slug": "livermore-casino", "url": "https://www.pokeratlas.com/poker-room/livermore-casino/tournaments"},
    {"name": "Club One Casino", "city": "Fresno", "state": "CA", "slug": "club-one-casino", "url": "https://www.pokeratlas.com/poker-room/club-one-casino/tournaments"},
    {"name": "Tachi Palace Hotel & Casino", "city": "Lemoore", "state": "CA", "slug": "tachi-palace-hotel-casino", "url": "https://www.pokeratlas.com/poker-room/tachi-palace-hotel-casino/tournaments"},
    {"name": "Jackson Rancheria Casino Resort", "city": "Jackson", "state": "CA", "slug": "jackson-rancheria-casino-resort", "url": "https://www.pokeratlas.com/poker-room/jackson-rancheria-casino-resort/tournaments"},
    {"name": "Win-River Resort & Casino", "city": "Redding", "state": "CA", "slug": "win-river-resort-casino", "url": "https://www.pokeratlas.com/poker-room/win-river-resort-casino/tournaments"},
    {"name": "Parkwest Casino Lodi", "city": "Lodi", "state": "CA", "slug": "parkwest-casino-lodi", "url": "https://www.pokeratlas.com/poker-room/parkwest-casino-lodi/tournaments"},
    {"name": "Viejas Casino & Resort", "city": "Alpine", "state": "CA", "slug": "viejas-casino-resort", "url": "https://www.pokeratlas.com/poker-room/viejas-casino-resort/tournaments"},
    {"name": "Sycuan Casino Resort", "city": "El Cajon", "state": "CA", "slug": "sycuan-casino-resort", "url": "https://www.pokeratlas.com/poker-room/sycuan-casino-resort/tournaments"},
    {"name": "Harrah's Resort Southern California", "city": "Valley Center", "state": "CA", "slug": "harrahs-resort-southern-california", "url": "https://www.pokeratlas.com/poker-room/harrahs-resort-southern-california/tournaments"},
    {"name": "Spotlight 29 Casino", "city": "Coachella", "state": "CA", "slug": "spotlight-29-casino", "url": "https://www.pokeratlas.com/poker-room/spotlight-29-casino/tournaments"},
    {"name": "Fantasy Springs Resort Casino", "city": "Indio", "state": "CA", "slug": "fantasy-springs-resort-casino", "url": "https://www.pokeratlas.com/poker-room/fantasy-springs-resort-casino/tournaments"},
    {"name": "Ocean's 11 Casino", "city": "Oceanside", "state": "CA", "slug": "oceans-11-casino", "url": "https://www.pokeratlas.com/poker-room/oceans-11-casino/tournaments"},
    {"name": "Larry Flynt's Lucky Lady Casino", "city": "Gardena", "state": "CA", "slug": "larry-flynts-lucky-lady-casino", "url": "https://www.pokeratlas.com/poker-room/larry-flynts-lucky-lady-casino/tournaments"},
    {"name": "Normandie Casino", "city": "Gardena", "state": "CA", "slug": "normandie-casino", "url": "https://www.pokeratlas.com/poker-room/normandie-casino/tournaments"},
    {"name": "Crystal Casino", "city": "Compton", "state": "CA", "slug": "crystal-casino", "url": "https://www.pokeratlas.com/poker-room/crystal-casino/tournaments"},
    {"name": "Casino Pauma", "city": "Pauma Valley", "state": "CA", "slug": "casino-pauma", "url": "https://www.pokeratlas.com/poker-room/casino-pauma/tournaments"},
    {"name": "Konocti Vista Casino", "city": "Lakeport", "state": "CA", "slug": "konocti-vista-casino", "url": "https://www.pokeratlas.com/poker-room/konocti-vista-casino/tournaments"},
    {"name": "Cameo Club Casino", "city": "Stockton", "state": "CA", "slug": "cameo-club-casino", "url": "https://www.pokeratlas.com/poker-room/cameo-club-casino/tournaments"},
    {"name": "Capitol Casino", "city": "Sacramento", "state": "CA", "slug": "capitol-casino", "url": "https://www.pokeratlas.com/poker-room/capitol-casino/tournaments"},

    {"name": "Seminole Hard Rock Hotel & Casino Hollywood", "city": "Hollywood", "state": "FL", "slug": "seminole-hard-rock-hotel-casino-hollywood", "url": "https://www.pokeratlas.com/poker-room/seminole-hard-rock-hotel-casino-hollywood/tournaments"},
    {"name": "Seminole Hard Rock Hotel & Casino Tampa", "city": "Tampa", "state": "FL", "slug": "seminole-hard-rock-hotel-casino-tampa", "url": "https://www.pokeratlas.com/poker-room/seminole-hard-rock-hotel-casino-tampa/tournaments"},
    {"name": "bestbet Jacksonville", "city": "Jacksonville", "state": "FL", "slug": "bestbet-jacksonville", "url": "https://www.pokeratlas.com/poker-room/bestbet-jacksonville/tournaments"},
    {"name": "bestbet Orange Park", "city": "Orange Park", "state": "FL", "slug": "bestbet-orange-park", "url": "https://www.pokeratlas.com/poker-room/bestbet-orange-park/tournaments"},
    {"name": "Tampa Bay Downs", "city": "Tampa", "state": "FL", "slug": "tampa-bay-downs", "url": "https://www.pokeratlas.com/poker-room/tampa-bay-downs/tournaments"},
    {"name": "Derby Lane", "city": "St. Petersburg", "state": "FL", "slug": "derby-lane", "url": "https://www.pokeratlas.com/poker-room/derby-lane/tournaments"},
    {"name": "Palm Beach Kennel Club", "city": "West Palm Beach", "state": "FL", "slug": "palm-beach-kennel-club", "url": "https://www.pokeratlas.com/poker-room/palm-beach-kennel-club/tournaments"},
    {"name": "Daytona Beach Racing & Card Club", "city": "Daytona Beach", "state": "FL", "slug": "daytona-beach-racing-card-club", "url": "https://www.pokeratlas.com/poker-room/daytona-beach-racing-card-club/tournaments"},
    {"name": "Isle Casino Racing Pompano Park", "city": "Pompano Beach", "state": "FL", "slug": "isle-casino-racing-pompano-park", "url": "https://www.pokeratlas.com/poker-room/isle-casino-racing-pompano-park/tournaments"},
    {"name": "Gulfstream Park Racing and Casino", "city": "Hallandale Beach", "state": "FL", "slug": "gulfstream-park-racing-and-casino", "url": "https://www.pokeratlas.com/poker-room/gulfstream-park-racing-and-casino/tournaments"},
    {"name": "Dania Beach Casino", "city": "Dania Beach", "state": "FL", "slug": "dania-beach-casino", "url": "https://www.pokeratlas.com/poker-room/dania-beach-casino/tournaments"},
    {"name": "Hialeah Park Racing & Casino", "city": "Hialeah", "state": "FL", "slug": "hialeah-park-racing-casino", "url": "https://www.pokeratlas.com/poker-room/hialeah-park-racing-casino/tournaments"},
    {"name": "Magic City Casino", "city": "Miami", "state": "FL", "slug": "magic-city-casino", "url": "https://www.pokeratlas.com/poker-room/magic-city-casino/tournaments"},
    {"name": "Calder Casino", "city": "Miami Gardens", "state": "FL", "slug": "calder-casino", "url": "https://www.pokeratlas.com/poker-room/calder-casino/tournaments"},
    {"name": "Miccosukee Resort & Gaming", "city": "Miami", "state": "FL", "slug": "miccosukee-resort-gaming", "url": "https://www.pokeratlas.com/poker-room/miccosukee-resort-gaming/tournaments"},
    {"name": "Big Easy Casino", "city": "Hallandale Beach", "state": "FL", "slug": "big-easy-casino", "url": "https://www.pokeratlas.com/poker-room/big-easy-casino/tournaments"},
    {"name": "Casino Miami", "city": "Miami", "state": "FL", "slug": "casino-miami", "url": "https://www.pokeratlas.com/poker-room/casino-miami/tournaments"},
    {"name": "Seminole Casino Coconut Creek", "city": "Coconut Creek", "state": "FL", "slug": "seminole-casino-coconut-creek", "url": "https://www.pokeratlas.com/poker-room/seminole-casino-coconut-creek/tournaments"},
    {"name": "Seminole Casino Brighton", "city": "Okeechobee", "state": "FL", "slug": "seminole-casino-brighton", "url": "https://www.pokeratlas.com/poker-room/seminole-casino-brighton/tournaments"},
    {"name": "Orange City Racing & Card Club", "city": "Orange City", "state": "FL", "slug": "orange-city-racing-card-club", "url": "https://www.pokeratlas.com/poker-room/orange-city-racing-card-club/tournaments"},
    {"name": "Melbourne Greyhound Park", "city": "Melbourne", "state": "FL", "slug": "melbourne-greyhound-park", "url": "https://www.pokeratlas.com/poker-room/melbourne-greyhound-park/tournaments"},
    {"name": "Ocala Gainesville Poker", "city": "Reddick", "state": "FL", "slug": "ocala-gainesville-poker", "url": "https://www.pokeratlas.com/poker-room/ocala-gainesville-poker/tournaments"},
    {"name": "Ft. Pierce Jai-Alai & Poker", "city": "Fort Pierce", "state": "FL", "slug": "ft-pierce-jai-alai-poker", "url": "https://www.pokeratlas.com/poker-room/ft-pierce-jai-alai-poker/tournaments"},
    {"name": "Pensacola Greyhound Track", "city": "Pensacola", "state": "FL", "slug": "pensacola-greyhound-track", "url": "https://www.pokeratlas.com/poker-room/pensacola-greyhound-track/tournaments"},
    {"name": "ebro Greyhound Park", "city": "Ebro", "state": "FL", "slug": "ebro-greyhound-park", "url": "https://www.pokeratlas.com/poker-room/ebro-greyhound-park/tournaments"},
    {"name": "Naples-Fort Myers Greyhound Track", "city": "Bonita Springs", "state": "FL", "slug": "naples-fort-myers-greyhound-track", "url": "https://www.pokeratlas.com/poker-room/naples-fort-myers-greyhound-track/tournaments"},
    {"name": "Sarasota Kennel Club", "city": "Sarasota", "state": "FL", "slug": "sarasota-kennel-club", "url": "https://www.pokeratlas.com/poker-room/sarasota-kennel-club/tournaments"},

    {"name": "Borgata Hotel Casino & Spa", "city": "Atlantic City", "state": "NJ", "slug": "borgata-hotel-casino-spa", "url": "https://www.pokeratlas.com/poker-room/borgata-hotel-casino-spa/tournaments"},
    {"name": "Harrah's Atlantic City", "city": "Atlantic City", "state": "NJ", "slug": "harrahs-atlantic-city", "url": "https://www.pokeratlas.com/poker-room/harrahs-atlantic-city/tournaments"},

    {"name": "Parx Casino", "city": "Bensalem", "state": "PA", "slug": "parx-casino", "url": "https://www.pokeratlas.com/poker-room/parx-casino/tournaments"},
    {"name": "Live! Casino Philadelphia", "city": "Philadelphia", "state": "PA", "slug": "live-casino-hotel-philadelphia", "url": "https://www.pokeratlas.com/poker-room/live-casino-hotel-philadelphia/tournaments"},
    {"name": "Wind Creek Bethlehem", "city": "Bethlehem", "state": "PA", "slug": "wind-creek-bethlehem", "url": "https://www.pokeratlas.com/poker-room/wind-creek-bethlehem/tournaments"},
    {"name": "Rivers Casino Pittsburgh", "city": "Pittsburgh", "state": "PA", "slug": "rivers-casino-pittsburgh", "url": "https://www.pokeratlas.com/poker-room/rivers-casino-pittsburgh/tournaments"},
    {"name": "Hollywood Casino at Penn National", "city": "Grantville", "state": "PA", "slug": "hollywood-casino-at-penn-national-race-course", "url": "https://www.pokeratlas.com/poker-room/hollywood-casino-at-penn-national-race-course/tournaments"},
    {"name": "Valley Forge Casino Resort", "city": "King of Prussia", "state": "PA", "slug": "valley-forge-casino-resort", "url": "https://www.pokeratlas.com/poker-room/valley-forge-casino-resort/tournaments"},
    {"name": "Mohegan Sun Pocono", "city": "Wilkes-Barre", "state": "PA", "slug": "mohegan-sun-at-pocono-downs", "url": "https://www.pokeratlas.com/poker-room/mohegan-sun-at-pocono-downs/tournaments"},
    {"name": "Mount Airy Casino Resort", "city": "Mount Pocono", "state": "PA", "slug": "mount-airy-casino-resort", "url": "https://www.pokeratlas.com/poker-room/mount-airy-casino-resort/tournaments"},
    {"name": "Presque Isle Downs & Casino", "city": "Erie", "state": "PA", "slug": "presque-isle-downs-casino", "url": "https://www.pokeratlas.com/poker-room/presque-isle-downs-casino/tournaments"},
    {"name": "The Meadows Racetrack and Casino", "city": "Washington", "state": "PA", "slug": "meadows-racetrack-casino", "url": "https://www.pokeratlas.com/poker-room/meadows-racetrack-casino/tournaments"},

    {"name": "Foxwoods Resort Casino", "city": "Mashantucket", "state": "CT", "slug": "foxwoods-resort-casino", "url": "https://www.pokeratlas.com/poker-room/foxwoods-resort-casino/tournaments"},
    {"name": "Mohegan Sun", "city": "Uncasville", "state": "CT", "slug": "mohegan-sun", "url": "https://www.pokeratlas.com/poker-room/mohegan-sun/tournaments"},

    {"name": "Maryland Live! Casino", "city": "Hanover", "state": "MD", "slug": "maryland-live-casino", "url": "https://www.pokeratlas.com/poker-room/maryland-live-casino/tournaments"},
    {"name": "MGM National Harbor", "city": "Oxon Hill", "state": "MD", "slug": "mgm-national-harbor", "url": "https://www.pokeratlas.com/poker-room/mgm-national-harbor/tournaments"},
    {"name": "Horseshoe Casino Baltimore", "city": "Baltimore", "state": "MD", "slug": "horseshoe-casino-baltimore", "url": "https://www.pokeratlas.com/poker-room/horseshoe-casino-baltimore/tournaments"},
    {"name": "Hollywood Casino Perryville", "city": "Perryville", "state": "MD", "slug": "hollywood-casino-perryville", "url": "https://www.pokeratlas.com/poker-room/hollywood-casino-perryville/tournaments"},

    {"name": "The Lodge Card Club", "city": "Round Rock", "state": "TX", "slug": "lodge-card-club", "url": "https://www.pokeratlas.com/poker-room/lodge-card-club/tournaments"},
    {"name": "Texas Card House Austin", "city": "Austin", "state": "TX", "slug": "texas-card-house-austin", "url": "https://www.pokeratlas.com/poker-room/texas-card-house-austin/tournaments"},
    {"name": "Texas Card House Dallas", "city": "Dallas", "state": "TX", "slug": "texas-card-house-dallas", "url": "https://www.pokeratlas.com/poker-room/texas-card-house-dallas/tournaments"},
    {"name": "Texas Card House Houston", "city": "Houston", "state": "TX", "slug": "texas-card-house-houston", "url": "https://www.pokeratlas.com/poker-room/texas-card-house-houston/tournaments"},
    {"name": "Prime Social", "city": "Houston", "state": "TX", "slug": "prime-social", "url": "https://www.pokeratlas.com/poker-room/prime-social/tournaments"},
    {"name": "Post Oak Poker Club", "city": "Houston", "state": "TX", "slug": "post-oak-poker-club", "url": "https://www.pokeratlas.com/poker-room/post-oak-poker-club/tournaments"},
    {"name": "Suited Up Social", "city": "Houston", "state": "TX", "slug": "suited-up-social", "url": "https://www.pokeratlas.com/poker-room/suited-up-social/tournaments"},
    {"name": "101 Poker Club", "city": "Houston", "state": "TX", "slug": "101-poker-club", "url": "https://www.pokeratlas.com/poker-room/101-poker-club/tournaments"},
    {"name": "The Palms Social Club", "city": "Dallas", "state": "TX", "slug": "palms-social-club", "url": "https://www.pokeratlas.com/poker-room/palms-social-club/tournaments"},
    {"name": "Kings and Cowboys", "city": "Dallas", "state": "TX", "slug": "kings-and-cowboys", "url": "https://www.pokeratlas.com/poker-room/kings-and-cowboys/tournaments"},
    {"name": "VIP Poker Club", "city": "San Antonio", "state": "TX", "slug": "vip-poker-club", "url": "https://www.pokeratlas.com/poker-room/vip-poker-club/tournaments"},
    {"name": "Kickapoo Lucky Eagle Casino", "city": "Eagle Pass", "state": "TX", "slug": "kickapoo-lucky-eagle-casino", "url": "https://www.pokeratlas.com/poker-room/kickapoo-lucky-eagle-casino/tournaments"},

    {"name": "Choctaw Casino Durant", "city": "Durant", "state": "OK", "slug": "choctaw-casino-resort-durant", "url": "https://www.pokeratlas.com/poker-room/choctaw-casino-resort-durant/tournaments"},
    {"name": "Hard Rock Hotel & Casino Tulsa", "city": "Catoosa", "state": "OK", "slug": "hard-rock-hotel-casino-tulsa", "url": "https://www.pokeratlas.com/poker-room/hard-rock-hotel-casino-tulsa/tournaments"},
    {"name": "WinStar World Casino and Resort", "city": "Thackerville", "state": "OK", "slug": "winstar-world-casino-and-resort", "url": "https://www.pokeratlas.com/poker-room/winstar-world-casino-and-resort/tournaments"},
    {"name": "River Spirit Casino Resort", "city": "Tulsa", "state": "OK", "slug": "river-spirit-casino-resort", "url": "https://www.pokeratlas.com/poker-room/river-spirit-casino-resort/tournaments"},
    {"name": "Grand Casino Hotel & Resort", "city": "Shawnee", "state": "OK", "slug": "grand-casino-hotel-resort", "url": "https://www.pokeratlas.com/poker-room/grand-casino-hotel-resort/tournaments"},
    {"name": "Downstream Casino Resort", "city": "Quapaw", "state": "OK", "slug": "downstream-casino-resort", "url": "https://www.pokeratlas.com/poker-room/downstream-casino-resort/tournaments"},
    {"name": "Riverwind Casino", "city": "Norman", "state": "OK", "slug": "riverwind-casino", "url": "https://www.pokeratlas.com/poker-room/riverwind-casino/tournaments"},
    {"name": "Cherokee Casino West Siloam Springs", "city": "West Siloam Springs", "state": "OK", "slug": "cherokee-casino-west-siloam-springs", "url": "https://www.pokeratlas.com/poker-room/cherokee-casino-west-siloam-springs/tournaments"},
    {"name": "Buffalo Run Casino", "city": "Miami", "state": "OK", "slug": "buffalo-run-casino", "url": "https://www.pokeratlas.com/poker-room/buffalo-run-casino/tournaments"},
    {"name": "Newcastle Gaming Center", "city": "Newcastle", "state": "OK", "slug": "newcastle-gaming-center", "url": "https://www.pokeratlas.com/poker-room/newcastle-gaming-center/tournaments"},

    {"name": "Talking Stick Resort", "city": "Scottsdale", "state": "AZ", "slug": "talking-stick-resort", "url": "https://www.pokeratlas.com/poker-room/talking-stick-resort/tournaments"},
    {"name": "Gila River Hotels & Casinos - Wild Horse Pass", "city": "Chandler", "state": "AZ", "slug": "gila-river-hotels-casinos-wild-horse-pass", "url": "https://www.pokeratlas.com/poker-room/gila-river-hotels-casinos-wild-horse-pass/tournaments"},
    {"name": "Fort McDowell Casino", "city": "Fort McDowell", "state": "AZ", "slug": "fort-mcdowell-casino", "url": "https://www.pokeratlas.com/poker-room/fort-mcdowell-casino/tournaments"},
    {"name": "Casino Arizona", "city": "Scottsdale", "state": "AZ", "slug": "casino-arizona", "url": "https://www.pokeratlas.com/poker-room/casino-arizona/tournaments"},
    {"name": "Desert Diamond Casino Tucson", "city": "Tucson", "state": "AZ", "slug": "desert-diamond-casino-tucson", "url": "https://www.pokeratlas.com/poker-room/desert-diamond-casino-tucson/tournaments"},
    {"name": "Casino Del Sol", "city": "Tucson", "state": "AZ", "slug": "casino-del-sol", "url": "https://www.pokeratlas.com/poker-room/casino-del-sol/tournaments"},
    {"name": "Harrah's Ak-Chin Casino", "city": "Maricopa", "state": "AZ", "slug": "harrahs-ak-chin-casino", "url": "https://www.pokeratlas.com/poker-room/harrahs-ak-chin-casino/tournaments"},

    {"name": "Rivers Casino Des Plaines", "city": "Des Plaines", "state": "IL", "slug": "rivers-casino-des-plaines", "url": "https://www.pokeratlas.com/poker-room/rivers-casino-des-plaines/tournaments"},
    {"name": "Grand Victoria Casino", "city": "Elgin", "state": "IL", "slug": "grand-victoria-casino", "url": "https://www.pokeratlas.com/poker-room/grand-victoria-casino/tournaments"},
    {"name": "Hollywood Casino Aurora", "city": "Aurora", "state": "IL", "slug": "hollywood-casino-aurora", "url": "https://www.pokeratlas.com/poker-room/hollywood-casino-aurora/tournaments"},
    {"name": "Hollywood Casino Joliet", "city": "Joliet", "state": "IL", "slug": "hollywood-casino-joliet", "url": "https://www.pokeratlas.com/poker-room/hollywood-casino-joliet/tournaments"},
    {"name": "Par-A-Dice Hotel Casino", "city": "East Peoria", "state": "IL", "slug": "par-a-dice-hotel-casino", "url": "https://www.pokeratlas.com/poker-room/par-a-dice-hotel-casino/tournaments"},

    {"name": "Horseshoe Hammond", "city": "Hammond", "state": "IN", "slug": "horseshoe-hammond", "url": "https://www.pokeratlas.com/poker-room/horseshoe-hammond/tournaments"},
    {"name": "Hard Rock Casino Northern Indiana", "city": "Gary", "state": "IN", "slug": "hard-rock-casino-northern-indiana", "url": "https://www.pokeratlas.com/poker-room/hard-rock-casino-northern-indiana/tournaments"},
    {"name": "Bally's Evansville", "city": "Evansville", "state": "IN", "slug": "ballys-evansville", "url": "https://www.pokeratlas.com/poker-room/ballys-evansville/tournaments"},
    {"name": "Hollywood Casino Lawrenceburg", "city": "Lawrenceburg", "state": "IN", "slug": "hollywood-casino-lawrenceburg", "url": "https://www.pokeratlas.com/poker-room/hollywood-casino-lawrenceburg/tournaments"},

    {"name": "MotorCity Casino Hotel", "city": "Detroit", "state": "MI", "slug": "motorcity-casino-hotel", "url": "https://www.pokeratlas.com/poker-room/motorcity-casino-hotel/tournaments"},
    {"name": "MGM Grand Detroit", "city": "Detroit", "state": "MI", "slug": "mgm-grand-detroit", "url": "https://www.pokeratlas.com/poker-room/mgm-grand-detroit/tournaments"},
    {"name": "FireKeepers Casino Hotel", "city": "Battle Creek", "state": "MI", "slug": "firekeepers-casino-hotel", "url": "https://www.pokeratlas.com/poker-room/firekeepers-casino-hotel/tournaments"},
    {"name": "Four Winds Casino Resort New Buffalo", "city": "New Buffalo", "state": "MI", "slug": "four-winds-casino-resort-new-buffalo", "url": "https://www.pokeratlas.com/poker-room/four-winds-casino-resort-new-buffalo/tournaments"},
    {"name": "Soaring Eagle Casino & Resort", "city": "Mt. Pleasant", "state": "MI", "slug": "soaring-eagle-casino-resort", "url": "https://www.pokeratlas.com/poker-room/soaring-eagle-casino-resort/tournaments"},
    {"name": "Gun Lake Casino", "city": "Wayland", "state": "MI", "slug": "gun-lake-casino", "url": "https://www.pokeratlas.com/poker-room/gun-lake-casino/tournaments"},
    {"name": "Turtle Creek Casino & Hotel", "city": "Williamsburg", "state": "MI", "slug": "turtle-creek-casino-hotel", "url": "https://www.pokeratlas.com/poker-room/turtle-creek-casino-hotel/tournaments"},

    {"name": "Running Aces Casino, Hotel & Racetrack", "city": "Columbus", "state": "MN", "slug": "running-aces-casino-hotel-racetrack", "url": "https://www.pokeratlas.com/poker-room/running-aces-casino-hotel-racetrack/tournaments"},
    {"name": "Canterbury Park", "city": "Shakopee", "state": "MN", "slug": "canterbury-park", "url": "https://www.pokeratlas.com/poker-room/canterbury-park/tournaments"},

    {"name": "Harrah's Cherokee Casino Resort", "city": "Cherokee", "state": "NC", "slug": "harrahs-cherokee-casino-resort", "url": "https://www.pokeratlas.com/poker-room/harrahs-cherokee-casino-resort/tournaments"},
    {"name": "Harrah's Cherokee Valley River Casino & Hotel", "city": "Murphy", "state": "NC", "slug": "harrahs-cherokee-valley-river-casino-hotel", "url": "https://www.pokeratlas.com/poker-room/harrahs-cherokee-valley-river-casino-hotel/tournaments"},

    {"name": "Beau Rivage Resort & Casino", "city": "Biloxi", "state": "MS", "slug": "beau-rivage-resort-casino", "url": "https://www.pokeratlas.com/poker-room/beau-rivage-resort-casino/tournaments"},
    {"name": "Golden Nugget Biloxi", "city": "Biloxi", "state": "MS", "slug": "golden-nugget-biloxi", "url": "https://www.pokeratlas.com/poker-room/golden-nugget-biloxi/tournaments"},
    {"name": "IP Casino Resort Spa", "city": "Biloxi", "state": "MS", "slug": "ip-casino-resort-spa", "url": "https://www.pokeratlas.com/poker-room/ip-casino-resort-spa/tournaments"},
    {"name": "Harrah's Gulf Coast", "city": "Biloxi", "state": "MS", "slug": "harrahs-gulf-coast", "url": "https://www.pokeratlas.com/poker-room/harrahs-gulf-coast/tournaments"},
    {"name": "Palace Casino Resort", "city": "Biloxi", "state": "MS", "slug": "palace-casino-resort", "url": "https://www.pokeratlas.com/poker-room/palace-casino-resort/tournaments"},
    {"name": "Horseshoe Casino & Hotel Tunica", "city": "Tunica", "state": "MS", "slug": "horseshoe-casino-hotel-tunica", "url": "https://www.pokeratlas.com/poker-room/horseshoe-casino-hotel-tunica/tournaments"},
    {"name": "Hollywood Casino Tunica", "city": "Tunica", "state": "MS", "slug": "hollywood-casino-tunica", "url": "https://www.pokeratlas.com/poker-room/hollywood-casino-tunica/tournaments"},
    {"name": "Ameristar Vicksburg", "city": "Vicksburg", "state": "MS", "slug": "ameristar-vicksburg", "url": "https://www.pokeratlas.com/poker-room/ameristar-vicksburg/tournaments"},

    {"name": "Caesars New Orleans", "city": "New Orleans", "state": "LA", "slug": "caesars-new-orleans", "url": "https://www.pokeratlas.com/poker-room/caesars-new-orleans/tournaments"},
    {"name": "L'Auberge Casino Resort Lake Charles", "city": "Lake Charles", "state": "LA", "slug": "lauberge-casino-resort-lake-charles", "url": "https://www.pokeratlas.com/poker-room/lauberge-casino-resort-lake-charles/tournaments"},
    {"name": "Boomtown Casino New Orleans", "city": "Harvey", "state": "LA", "slug": "boomtown-casino-new-orleans", "url": "https://www.pokeratlas.com/poker-room/boomtown-casino-new-orleans/tournaments"},
    {"name": "L'Auberge Casino Hotel Baton Rouge", "city": "Baton Rouge", "state": "LA", "slug": "lauberge-casino-hotel-baton-rouge", "url": "https://www.pokeratlas.com/poker-room/lauberge-casino-hotel-baton-rouge/tournaments"},
    {"name": "Boomtown Casino Bossier City", "city": "Bossier City", "state": "LA", "slug": "boomtown-casino-bossier-city", "url": "https://www.pokeratlas.com/poker-room/boomtown-casino-bossier-city/tournaments"},
    {"name": "Coushatta Casino Resort", "city": "Kinder", "state": "LA", "slug": "coushatta-casino-resort", "url": "https://www.pokeratlas.com/poker-room/coushatta-casino-resort/tournaments"},

    {"name": "Turning Stone Resort Casino", "city": "Verona", "state": "NY", "slug": "turning-stone-resort-casino", "url": "https://www.pokeratlas.com/poker-room/turning-stone-resort-casino/tournaments"},
    {"name": "Seneca Niagara Resort & Casino", "city": "Niagara Falls", "state": "NY", "slug": "seneca-niagara-resort-casino", "url": "https://www.pokeratlas.com/poker-room/seneca-niagara-resort-casino/tournaments"},
    {"name": "del Lago Resort & Casino", "city": "Waterloo", "state": "NY", "slug": "del-lago-resort-casino", "url": "https://www.pokeratlas.com/poker-room/del-lago-resort-casino/tournaments"},

    {"name": "Ameristar Casino Resort Spa St. Charles", "city": "St. Charles", "state": "MO", "slug": "ameristar-casino-resort-spa-st-charles", "url": "https://www.pokeratlas.com/poker-room/ameristar-casino-resort-spa-st-charles/tournaments"},
    {"name": "Hollywood Casino St. Louis", "city": "Maryland Heights", "state": "MO", "slug": "hollywood-casino-st-louis", "url": "https://www.pokeratlas.com/poker-room/hollywood-casino-st-louis/tournaments"},
    {"name": "Lumiere Place Casino & Hotels", "city": "St. Louis", "state": "MO", "slug": "lumiere-place-casino-hotels", "url": "https://www.pokeratlas.com/poker-room/lumiere-place-casino-hotels/tournaments"},
    {"name": "Harrah's North Kansas City", "city": "Kansas City", "state": "MO", "slug": "harrahs-north-kansas-city", "url": "https://www.pokeratlas.com/poker-room/harrahs-north-kansas-city/tournaments"},

    {"name": "Muckleshoot Casino", "city": "Auburn", "state": "WA", "slug": "muckleshoot-casino", "url": "https://www.pokeratlas.com/poker-room/muckleshoot-casino/tournaments"},
    {"name": "Tulalip Resort Casino", "city": "Tulalip", "state": "WA", "slug": "tulalip-resort-casino", "url": "https://www.pokeratlas.com/poker-room/tulalip-resort-casino/tournaments"},
    {"name": "Snoqualmie Casino", "city": "Snoqualmie", "state": "WA", "slug": "snoqualmie-casino", "url": "https://www.pokeratlas.com/poker-room/snoqualmie-casino/tournaments"},
    {"name": "Emerald Queen Casino I-5", "city": "Tacoma", "state": "WA", "slug": "emerald-queen-casino-i-5", "url": "https://www.pokeratlas.com/poker-room/emerald-queen-casino-i-5/tournaments"},
    {"name": "Northern Quest Resort & Casino", "city": "Airway Heights", "state": "WA", "slug": "northern-quest-resort-casino", "url": "https://www.pokeratlas.com/poker-room/northern-quest-resort-casino/tournaments"},

    {"name": "Chinook Winds Casino Resort", "city": "Lincoln City", "state": "OR", "slug": "chinook-winds-casino-resort", "url": "https://www.pokeratlas.com/poker-room/chinook-winds-casino-resort/tournaments"},
    {"name": "Spirit Mountain Casino", "city": "Grand Ronde", "state": "OR", "slug": "spirit-mountain-casino", "url": "https://www.pokeratlas.com/poker-room/spirit-mountain-casino/tournaments"},

    {"name": "Encore Boston Harbor", "city": "Everett", "state": "MA", "slug": "encore-boston-harbor", "url": "https://www.pokeratlas.com/poker-room/encore-boston-harbor/tournaments"},
    {"name": "MGM Springfield", "city": "Springfield", "state": "MA", "slug": "mgm-springfield", "url": "https://www.pokeratlas.com/poker-room/mgm-springfield/tournaments"},

    {"name": "Ameristar Casino Hotel Council Bluffs", "city": "Council Bluffs", "state": "IA", "slug": "ameristar-casino-hotel-council-bluffs", "url": "https://www.pokeratlas.com/poker-room/ameristar-casino-hotel-council-bluffs/tournaments"},
    {"name": "Riverside Casino & Golf Resort", "city": "Riverside", "state": "IA", "slug": "riverside-casino-golf-resort", "url": "https://www.pokeratlas.com/poker-room/riverside-casino-golf-resort/tournaments"},
    {"name": "Meskwaki Bingo Casino Hotel", "city": "Tama", "state": "IA", "slug": "meskwaki-bingo-casino-hotel", "url": "https://www.pokeratlas.com/poker-room/meskwaki-bingo-casino-hotel/tournaments"},

    {"name": "Black Hawk Casino", "city": "Black Hawk", "state": "CO", "slug": "ameristar-casino-resort-spa-black-hawk", "url": "https://www.pokeratlas.com/poker-room/ameristar-casino-resort-spa-black-hawk/tournaments"},
    {"name": "Monarch Casino Resort Spa Black Hawk", "city": "Black Hawk", "state": "CO", "slug": "monarch-casino-resort-spa-black-hawk", "url": "https://www.pokeratlas.com/poker-room/monarch-casino-resort-spa-black-hawk/tournaments"},
    {"name": "Lodge Casino", "city": "Black Hawk", "state": "CO", "slug": "lodge-casino-at-black-hawk", "url": "https://www.pokeratlas.com/poker-room/lodge-casino-at-black-hawk/tournaments"},

    {"name": "Island Resort & Casino", "city": "Harris", "state": "MI", "slug": "island-resort-casino", "url": "https://www.pokeratlas.com/poker-room/island-resort-casino/tournaments"},
    {"name": "Little River Casino Resort", "city": "Manistee", "state": "MI", "slug": "little-river-casino-resort", "url": "https://www.pokeratlas.com/poker-room/little-river-casino-resort/tournaments"},

    {"name": "Ho-Chunk Gaming Wisconsin Dells", "city": "Baraboo", "state": "WI", "slug": "ho-chunk-gaming-wisconsin-dells", "url": "https://www.pokeratlas.com/poker-room/ho-chunk-gaming-wisconsin-dells/tournaments"},
    {"name": "Potawatomi Hotel & Casino", "city": "Milwaukee", "state": "WI", "slug": "potawatomi-hotel-casino", "url": "https://www.pokeratlas.com/poker-room/potawatomi-hotel-casino/tournaments"},

    {"name": "Southland Casino Hotel", "city": "West Memphis", "state": "AR", "slug": "southland-casino-hotel", "url": "https://www.pokeratlas.com/poker-room/southland-casino-hotel/tournaments"},
    {"name": "Saracen Casino Resort", "city": "Pine Bluff", "state": "AR", "slug": "saracen-casino-resort", "url": "https://www.pokeratlas.com/poker-room/saracen-casino-resort/tournaments"},
    {"name": "Oaklawn Racing Casino Resort", "city": "Hot Springs", "state": "AR", "slug": "oaklawn-racing-casino-resort", "url": "https://www.pokeratlas.com/poker-room/oaklawn-racing-casino-resort/tournaments"},

    {"name": "Twin River Casino Hotel", "city": "Lincoln", "state": "RI", "slug": "bally-twin-river-lincoln", "url": "https://www.pokeratlas.com/poker-room/bally-twin-river-lincoln/tournaments"},
    {"name": "Tiverton Casino Hotel", "city": "Tiverton", "state": "RI", "slug": "bally-tiverton-casino-hotel", "url": "https://www.pokeratlas.com/poker-room/bally-tiverton-casino-hotel/tournaments"},

    {"name": "Jamul Casino", "city": "Jamul", "state": "CA", "slug": "jamul-casino", "url": "https://www.pokeratlas.com/poker-room/jamul-casino/tournaments"},
    {"name": "Blue Lake Casino", "city": "Blue Lake", "state": "CA", "slug": "blue-lake-casino-hotel", "url": "https://www.pokeratlas.com/poker-room/blue-lake-casino-hotel/tournaments"},
    {"name": "Turlock Poker Room", "city": "Turlock", "state": "CA", "slug": "turlock-poker-room", "url": "https://www.pokeratlas.com/poker-room/turlock-poker-room/tournaments"},
    {"name": "Parkwest Casino Sonoma", "city": "Petaluma", "state": "CA", "slug": "parkwest-casino-sonoma", "url": "https://www.pokeratlas.com/poker-room/parkwest-casino-sonoma/tournaments"},
    {"name": "Player's Casino Ventura", "city": "Ventura", "state": "CA", "slug": "players-casino-ventura", "url": "https://www.pokeratlas.com/poker-room/players-casino-ventura/tournaments"},
    {"name": "500 Club Casino", "city": "Clovis", "state": "CA", "slug": "500-club-casino", "url": "https://www.pokeratlas.com/poker-room/500-club-casino/tournaments"},
    {"name": "Chukchansi Gold Resort & Casino", "city": "Coarsegold", "state": "CA", "slug": "chukchansi-gold-resort-casino", "url": "https://www.pokeratlas.com/poker-room/chukchansi-gold-resort-casino/tournaments"},
    {"name": "Table Mountain Casino", "city": "Friant", "state": "CA", "slug": "table-mountain-casino", "url": "https://www.pokeratlas.com/poker-room/table-mountain-casino/tournaments"},
    {"name": "Feather Falls Casino", "city": "Oroville", "state": "CA", "slug": "feather-falls-casino", "url": "https://www.pokeratlas.com/poker-room/feather-falls-casino/tournaments"},
    {"name": "Gold Country Casino", "city": "Oroville", "state": "CA", "slug": "gold-country-casino-resort", "url": "https://www.pokeratlas.com/poker-room/gold-country-casino-resort/tournaments"},
    {"name": "Red Hawk Casino", "city": "Placerville", "state": "CA", "slug": "red-hawk-casino", "url": "https://www.pokeratlas.com/poker-room/red-hawk-casino/tournaments"},
    {"name": "Black Oak Casino Resort", "city": "Tuolumne", "state": "CA", "slug": "black-oak-casino-resort", "url": "https://www.pokeratlas.com/poker-room/black-oak-casino-resort/tournaments"},
    {"name": "Robinson Rancheria Casino", "city": "Nice", "state": "CA", "slug": "robinson-rancheria-casino", "url": "https://www.pokeratlas.com/poker-room/robinson-rancheria-casino/tournaments"},
    {"name": "Bear River Casino Resort", "city": "Loleta", "state": "CA", "slug": "bear-river-casino-resort", "url": "https://www.pokeratlas.com/poker-room/bear-river-casino-resort/tournaments"},
    {"name": "Elk Valley Casino", "city": "Crescent City", "state": "CA", "slug": "elk-valley-casino", "url": "https://www.pokeratlas.com/poker-room/elk-valley-casino/tournaments"},
    {"name": "Aces Poker", "city": "Lakewood", "state": "CA", "slug": "aces-poker", "url": "https://www.pokeratlas.com/poker-room/aces-poker/tournaments"},
    {"name": "Lake Elsinore Casino", "city": "Lake Elsinore", "state": "CA", "slug": "lake-elsinore-casino", "url": "https://www.pokeratlas.com/poker-room/lake-elsinore-casino/tournaments"},
    {"name": "Spa Resort Casino", "city": "Palm Springs", "state": "CA", "slug": "spa-resort-casino", "url": "https://www.pokeratlas.com/poker-room/spa-resort-casino/tournaments"},
    {"name": "Soboba Casino Resort", "city": "San Jacinto", "state": "CA", "slug": "soboba-casino-resort", "url": "https://www.pokeratlas.com/poker-room/soboba-casino-resort/tournaments"},
    {"name": "Chumash Casino Resort", "city": "Santa Ynez", "state": "CA", "slug": "chumash-casino-resort", "url": "https://www.pokeratlas.com/poker-room/chumash-casino-resort/tournaments"},
    {"name": "San Pablo Lytton Casino", "city": "San Pablo", "state": "CA", "slug": "san-pablo-lytton-casino", "url": "https://www.pokeratlas.com/poker-room/san-pablo-lytton-casino/tournaments"},
    {"name": "Casino 99", "city": "Chico", "state": "CA", "slug": "casino-99", "url": "https://www.pokeratlas.com/poker-room/casino-99/tournaments"},
    {"name": "Agua Caliente Casino Cathedral City", "city": "Cathedral City", "state": "CA", "slug": "agua-caliente-casino-cathedral-city", "url": "https://www.pokeratlas.com/poker-room/agua-caliente-casino-cathedral-city/tournaments"},
    {"name": "Paiute Palace Casino", "city": "Bishop", "state": "CA", "slug": "paiute-palace-casino", "url": "https://www.pokeratlas.com/poker-room/paiute-palace-casino/tournaments"},
    {"name": "Valley View Casino & Hotel", "city": "Valley Center", "state": "CA", "slug": "valley-view-casino-hotel", "url": "https://www.pokeratlas.com/poker-room/valley-view-casino-hotel/tournaments"},
    {"name": "Harrahs Resort SoCal", "city": "Funner", "state": "CA", "slug": "harrahs-resort-socal", "url": "https://www.pokeratlas.com/poker-room/harrahs-resort-socal/tournaments"},

    {"name": "All In Poker Club", "city": "Houston", "state": "TX", "slug": "all-in-poker-club", "url": "https://www.pokeratlas.com/poker-room/all-in-poker-club/tournaments"},
    {"name": "Legends Poker Room", "city": "Houston", "state": "TX", "slug": "legends-poker-room", "url": "https://www.pokeratlas.com/poker-room/legends-poker-room/tournaments"},
    {"name": "Champions Poker Club", "city": "Houston", "state": "TX", "slug": "champions-poker-club", "url": "https://www.pokeratlas.com/poker-room/champions-poker-club/tournaments"},
    {"name": "Two Cards", "city": "Houston", "state": "TX", "slug": "two-cards", "url": "https://www.pokeratlas.com/poker-room/two-cards/tournaments"},
    {"name": "Chip Rack Poker", "city": "Spring", "state": "TX", "slug": "chip-rack-poker", "url": "https://www.pokeratlas.com/poker-room/chip-rack-poker/tournaments"},
    {"name": "Shuffle 214", "city": "Dallas", "state": "TX", "slug": "shuffle-214", "url": "https://www.pokeratlas.com/poker-room/shuffle-214/tournaments"},
    {"name": "Grid Poker", "city": "Dallas", "state": "TX", "slug": "grid-poker", "url": "https://www.pokeratlas.com/poker-room/grid-poker/tournaments"},
    {"name": "Iron Clad Poker", "city": "Dallas", "state": "TX", "slug": "iron-clad-poker", "url": "https://www.pokeratlas.com/poker-room/iron-clad-poker/tournaments"},
    {"name": "Jack Dallas", "city": "Dallas", "state": "TX", "slug": "jack-dallas", "url": "https://www.pokeratlas.com/poker-room/jack-dallas/tournaments"},
    {"name": "Gilley's Social", "city": "Dallas", "state": "TX", "slug": "gilleys-social", "url": "https://www.pokeratlas.com/poker-room/gilleys-social/tournaments"},
    {"name": "Ravens Social Club", "city": "Dallas", "state": "TX", "slug": "ravens-social-club", "url": "https://www.pokeratlas.com/poker-room/ravens-social-club/tournaments"},
    {"name": "Royal Flush Card Room", "city": "San Antonio", "state": "TX", "slug": "royal-flush-card-room", "url": "https://www.pokeratlas.com/poker-room/royal-flush-card-room/tournaments"},
    {"name": "SA Card House", "city": "San Antonio", "state": "TX", "slug": "sa-card-house", "url": "https://www.pokeratlas.com/poker-room/sa-card-house/tournaments"},
    {"name": "Austin Card House", "city": "Austin", "state": "TX", "slug": "austin-card-house", "url": "https://www.pokeratlas.com/poker-room/austin-card-house/tournaments"},
    {"name": "Texas Card House Corpus Christi", "city": "Corpus Christi", "state": "TX", "slug": "texas-card-house-corpus-christi", "url": "https://www.pokeratlas.com/poker-room/texas-card-house-corpus-christi/tournaments"},
    {"name": "El Paso Social", "city": "El Paso", "state": "TX", "slug": "el-paso-social", "url": "https://www.pokeratlas.com/poker-room/el-paso-social/tournaments"},
    {"name": "Longhorn Poker Club", "city": "Lubbock", "state": "TX", "slug": "longhorn-poker-club", "url": "https://www.pokeratlas.com/poker-room/longhorn-poker-club/tournaments"},
    {"name": "Shuffle & Slide Poker", "city": "Amarillo", "state": "TX", "slug": "shuffle-slide-poker", "url": "https://www.pokeratlas.com/poker-room/shuffle-slide-poker/tournaments"},

    {"name": "Harrah's Laughlin", "city": "Laughlin", "state": "NV", "slug": "harrahs-laughlin", "url": "https://www.pokeratlas.com/poker-room/harrahs-laughlin/tournaments"},
    {"name": "Golden Nugget Laughlin", "city": "Laughlin", "state": "NV", "slug": "golden-nugget-laughlin", "url": "https://www.pokeratlas.com/poker-room/golden-nugget-laughlin/tournaments"},
    {"name": "Tropicana Laughlin", "city": "Laughlin", "state": "NV", "slug": "tropicana-laughlin", "url": "https://www.pokeratlas.com/poker-room/tropicana-laughlin/tournaments"},
    {"name": "Don Laughlin's Riverside Resort", "city": "Laughlin", "state": "NV", "slug": "don-laughlins-riverside-resort", "url": "https://www.pokeratlas.com/poker-room/don-laughlins-riverside-resort/tournaments"},
    {"name": "Silver Sevens Hotel & Casino", "city": "Las Vegas", "state": "NV", "slug": "silver-sevens-hotel-casino", "url": "https://www.pokeratlas.com/poker-room/silver-sevens-hotel-casino/tournaments"},
    {"name": "Sahara Las Vegas", "city": "Las Vegas", "state": "NV", "slug": "sahara-las-vegas", "url": "https://www.pokeratlas.com/poker-room/sahara-las-vegas/tournaments"},
    {"name": "Circus Circus Las Vegas", "city": "Las Vegas", "state": "NV", "slug": "circus-circus-las-vegas", "url": "https://www.pokeratlas.com/poker-room/circus-circus-las-vegas/tournaments"},
    {"name": "Excalibur Hotel and Casino", "city": "Las Vegas", "state": "NV", "slug": "excalibur-hotel-casino", "url": "https://www.pokeratlas.com/poker-room/excalibur-hotel-casino/tournaments"},
    {"name": "Luxor Hotel and Casino", "city": "Las Vegas", "state": "NV", "slug": "luxor-hotel-casino", "url": "https://www.pokeratlas.com/poker-room/luxor-hotel-casino/tournaments"},
    {"name": "Mandalay Bay Resort & Casino", "city": "Las Vegas", "state": "NV", "slug": "mandalay-bay-poker", "url": "https://www.pokeratlas.com/poker-room/mandalay-bay-poker/tournaments"},
    {"name": "Flamingo Las Vegas", "city": "Las Vegas", "state": "NV", "slug": "flamingo-las-vegas", "url": "https://www.pokeratlas.com/poker-room/flamingo-las-vegas/tournaments"},
    {"name": "The LINQ Hotel + Experience", "city": "Las Vegas", "state": "NV", "slug": "linq-hotel-experience", "url": "https://www.pokeratlas.com/poker-room/linq-hotel-experience/tournaments"},
    {"name": "Harrahs Las Vegas", "city": "Las Vegas", "state": "NV", "slug": "harrahs-las-vegas", "url": "https://www.pokeratlas.com/poker-room/harrahs-las-vegas/tournaments"},
    {"name": "Rio All-Suite Hotel & Casino", "city": "Las Vegas", "state": "NV", "slug": "rio-all-suite-hotel-casino", "url": "https://www.pokeratlas.com/poker-room/rio-all-suite-hotel-casino/tournaments"},
    {"name": "Paris Las Vegas", "city": "Las Vegas", "state": "NV", "slug": "paris-las-vegas", "url": "https://www.pokeratlas.com/poker-room/paris-las-vegas/tournaments"},
    {"name": "Bally's Las Vegas", "city": "Las Vegas", "state": "NV", "slug": "ballys-las-vegas", "url": "https://www.pokeratlas.com/poker-room/ballys-las-vegas/tournaments"},
    {"name": "Planet Hollywood Resort & Casino", "city": "Las Vegas", "state": "NV", "slug": "planet-hollywood-resort-casino", "url": "https://www.pokeratlas.com/poker-room/planet-hollywood-resort-casino/tournaments"},
    {"name": "Caesars Palace", "city": "Las Vegas", "state": "NV", "slug": "caesars-palace", "url": "https://www.pokeratlas.com/poker-room/caesars-palace/tournaments"},
    {"name": "The Mirage", "city": "Las Vegas", "state": "NV", "slug": "mirage", "url": "https://www.pokeratlas.com/poker-room/mirage/tournaments"},
    {"name": "Treasure Island", "city": "Las Vegas", "state": "NV", "slug": "treasure-island-las-vegas", "url": "https://www.pokeratlas.com/poker-room/treasure-island-las-vegas/tournaments"},
    {"name": "The Strat", "city": "Las Vegas", "state": "NV", "slug": "strat-hotel-casino-skypod", "url": "https://www.pokeratlas.com/poker-room/strat-hotel-casino-skypod/tournaments"},
    {"name": "Silver Legacy Resort Casino", "city": "Reno", "state": "NV", "slug": "silver-legacy-resort-casino", "url": "https://www.pokeratlas.com/poker-room/silver-legacy-resort-casino/tournaments"},
    {"name": "Eldorado Resort Casino", "city": "Reno", "state": "NV", "slug": "eldorado-resort-casino-reno", "url": "https://www.pokeratlas.com/poker-room/eldorado-resort-casino-reno/tournaments"},
    {"name": "Circus Circus Reno", "city": "Reno", "state": "NV", "slug": "circus-circus-reno", "url": "https://www.pokeratlas.com/poker-room/circus-circus-reno/tournaments"},
    {"name": "Western Village Inn & Casino", "city": "Sparks", "state": "NV", "slug": "western-village-inn-casino", "url": "https://www.pokeratlas.com/poker-room/western-village-inn-casino/tournaments"},

    {"name": "Seven Feathers Casino Resort", "city": "Canyonville", "state": "OR", "slug": "seven-feathers-casino-resort", "url": "https://www.pokeratlas.com/poker-room/seven-feathers-casino-resort/tournaments"},
    {"name": "Three Rivers Casino Resort", "city": "Florence", "state": "OR", "slug": "three-rivers-casino-resort", "url": "https://www.pokeratlas.com/poker-room/three-rivers-casino-resort/tournaments"},
    {"name": "The Mill Casino Hotel", "city": "North Bend", "state": "OR", "slug": "mill-casino-hotel", "url": "https://www.pokeratlas.com/poker-room/mill-casino-hotel/tournaments"},
    {"name": "Wild Horse Resort & Casino", "city": "Pendleton", "state": "OR", "slug": "wild-horse-resort-casino", "url": "https://www.pokeratlas.com/poker-room/wild-horse-resort-casino/tournaments"},
    {"name": "Wildhorse Resort & Casino", "city": "Pendleton", "state": "OR", "slug": "wildhorse-resort-casino", "url": "https://www.pokeratlas.com/poker-room/wildhorse-resort-casino/tournaments"},

    {"name": "Coeur d'Alene Casino Resort", "city": "Worley", "state": "ID", "slug": "coeur-dalene-casino-resort", "url": "https://www.pokeratlas.com/poker-room/coeur-dalene-casino-resort/tournaments"},

    {"name": "Great Falls", "city": "Cascade", "state": "MT", "slug": "great-falls-casino", "url": "https://www.pokeratlas.com/poker-room/great-falls-casino/tournaments"},

    {"name": "Grand Falls Casino Resort", "city": "Larchwood", "state": "IA", "slug": "grand-falls-casino-resort", "url": "https://www.pokeratlas.com/poker-room/grand-falls-casino-resort/tournaments"},
    {"name": "Prairie Meadows Racetrack & Casino", "city": "Altoona", "state": "IA", "slug": "prairie-meadows-racetrack-casino", "url": "https://www.pokeratlas.com/poker-room/prairie-meadows-racetrack-casino/tournaments"},
    {"name": "Horseshoe Council Bluffs", "city": "Council Bluffs", "state": "IA", "slug": "horseshoe-council-bluffs", "url": "https://www.pokeratlas.com/poker-room/horseshoe-council-bluffs/tournaments"},
    {"name": "Isle Casino Hotel Bettendorf", "city": "Bettendorf", "state": "IA", "slug": "isle-casino-hotel-bettendorf", "url": "https://www.pokeratlas.com/poker-room/isle-casino-hotel-bettendorf/tournaments"},

    {"name": "Mystic Lake Casino Hotel", "city": "Prior Lake", "state": "MN", "slug": "mystic-lake-casino-hotel", "url": "https://www.pokeratlas.com/poker-room/mystic-lake-casino-hotel/tournaments"},
    {"name": "Grand Casino Mille Lacs", "city": "Onamia", "state": "MN", "slug": "grand-casino-mille-lacs", "url": "https://www.pokeratlas.com/poker-room/grand-casino-mille-lacs/tournaments"},
    {"name": "Grand Casino Hinckley", "city": "Hinckley", "state": "MN", "slug": "grand-casino-hinckley", "url": "https://www.pokeratlas.com/poker-room/grand-casino-hinckley/tournaments"},
    {"name": "Treasure Island Resort & Casino", "city": "Welch", "state": "MN", "slug": "treasure-island-resort-casino-mn", "url": "https://www.pokeratlas.com/poker-room/treasure-island-resort-casino-mn/tournaments"},
    {"name": "Jackpot Junction Casino Hotel", "city": "Morton", "state": "MN", "slug": "jackpot-junction-casino-hotel", "url": "https://www.pokeratlas.com/poker-room/jackpot-junction-casino-hotel/tournaments"},

    {"name": "Warhorse Casino", "city": "Lincoln", "state": "NE", "slug": "warhorse-casino-lincoln", "url": "https://www.pokeratlas.com/poker-room/warhorse-casino-lincoln/tournaments"},
    {"name": "Warhorse Casino Omaha", "city": "Omaha", "state": "NE", "slug": "warhorse-casino-omaha", "url": "https://www.pokeratlas.com/poker-room/warhorse-casino-omaha/tournaments"},

    {"name": "Prairie Band Casino & Resort", "city": "Mayetta", "state": "KS", "slug": "prairie-band-casino-resort", "url": "https://www.pokeratlas.com/poker-room/prairie-band-casino-resort/tournaments"},
    {"name": "Boot Hill Casino & Resort", "city": "Dodge City", "state": "KS", "slug": "boot-hill-casino-resort", "url": "https://www.pokeratlas.com/poker-room/boot-hill-casino-resort/tournaments"},

    {"name": "Gold Strike Casino Resort", "city": "Tunica Resorts", "state": "MS", "slug": "gold-strike-casino-resort-tunica", "url": "https://www.pokeratlas.com/poker-room/gold-strike-casino-resort-tunica/tournaments"},
    {"name": "Fitz Tunica Casino & Hotel", "city": "Tunica", "state": "MS", "slug": "fitz-tunica-casino-hotel", "url": "https://www.pokeratlas.com/poker-room/fitz-tunica-casino-hotel/tournaments"},
    {"name": "Sam's Town Tunica", "city": "Tunica", "state": "MS", "slug": "sams-town-hotel-gambling-hall-tunica", "url": "https://www.pokeratlas.com/poker-room/sams-town-hotel-gambling-hall-tunica/tournaments"},
    {"name": "Hard Rock Hotel & Casino Biloxi", "city": "Biloxi", "state": "MS", "slug": "hard-rock-hotel-casino-biloxi", "url": "https://www.pokeratlas.com/poker-room/hard-rock-hotel-casino-biloxi/tournaments"},
    {"name": "Scarlet Pearl Casino Resort", "city": "D'Iberville", "state": "MS", "slug": "scarlet-pearl-casino-resort", "url": "https://www.pokeratlas.com/poker-room/scarlet-pearl-casino-resort/tournaments"},
    {"name": "Silver Slipper Casino", "city": "Bay Saint Louis", "state": "MS", "slug": "silver-slipper-casino", "url": "https://www.pokeratlas.com/poker-room/silver-slipper-casino/tournaments"},

    {"name": "Cherokee Casino Roland", "city": "Roland", "state": "OK", "slug": "cherokee-casino-roland", "url": "https://www.pokeratlas.com/poker-room/cherokee-casino-roland/tournaments"},
    {"name": "Cherokee Casino Tahlequah", "city": "Tahlequah", "state": "OK", "slug": "cherokee-casino-tahlequah", "url": "https://www.pokeratlas.com/poker-room/cherokee-casino-tahlequah/tournaments"},
    {"name": "Choctaw Casino Broken Bow", "city": "Broken Bow", "state": "OK", "slug": "choctaw-casino-resort-broken-bow", "url": "https://www.pokeratlas.com/poker-room/choctaw-casino-resort-broken-bow/tournaments"},
    {"name": "Creek Nation Casino Bristow", "city": "Bristow", "state": "OK", "slug": "creek-nation-casino-bristow", "url": "https://www.pokeratlas.com/poker-room/creek-nation-casino-bristow/tournaments"},
    {"name":"First Council Casino Hotel", "city": "Newkirk", "state": "OK", "slug": "first-council-casino-hotel", "url": "https://www.pokeratlas.com/poker-room/first-council-casino-hotel/tournaments"},
    {"name":"Osage Casino Tulsa", "city": "Tulsa", "state": "OK", "slug": "osage-casino-tulsa", "url": "https://www.pokeratlas.com/poker-room/osage-casino-tulsa/tournaments"},
    {"name":"Osage Casino Skiatook", "city": "Skiatook", "state": "OK", "slug": "osage-casino-skiatook", "url": "https://www.pokeratlas.com/poker-room/osage-casino-skiatook/tournaments"},
    {"name":"Osage Casino Ponca City", "city": "Ponca City", "state": "OK", "slug": "osage-casino-ponca-city", "url": "https://www.pokeratlas.com/poker-room/osage-casino-ponca-city/tournaments"},
    {"name":"Indigo Sky Casino", "city": "Wyandotte", "state": "OK", "slug": "indigo-sky-casino", "url": "https://www.pokeratlas.com/poker-room/indigo-sky-casino/tournaments"},
    {"name":"Lucky Star Casino El Reno", "city": "El Reno", "state": "OK", "slug": "lucky-star-casino-el-reno", "url": "https://www.pokeratlas.com/poker-room/lucky-star-casino-el-reno/tournaments"},

    {"name":"Sandia Resort & Casino", "city": "Albuquerque", "state": "NM", "slug": "sandia-resort-casino", "url": "https://www.pokeratlas.com/poker-room/sandia-resort-casino/tournaments"},
    {"name":"Buffalo Thunder Resort & Casino", "city": "Santa Fe", "state": "NM", "slug": "buffalo-thunder-resort-casino", "url": "https://www.pokeratlas.com/poker-room/buffalo-thunder-resort-casino/tournaments"},
    {"name":"Inn of the Mountain Gods Resort & Casino", "city": "Mescalero", "state": "NM", "slug": "inn-mountain-gods-resort-casino", "url": "https://www.pokeratlas.com/poker-room/inn-mountain-gods-resort-casino/tournaments"},
    {"name":"Route 66 Casino Hotel", "city": "Albuquerque", "state": "NM", "slug": "route-66-casino-hotel", "url": "https://www.pokeratlas.com/poker-room/route-66-casino-hotel/tournaments"},

    {"name":"Wind Creek Casino & Hotel Wetumpka", "city": "Wetumpka", "state": "AL", "slug": "wind-creek-casino-hotel-wetumpka", "url": "https://www.pokeratlas.com/poker-room/wind-creek-casino-hotel-wetumpka/tournaments"},
    {"name":"Wind Creek Casino & Hotel Montgomery", "city": "Montgomery", "state": "AL", "slug": "wind-creek-casino-hotel-montgomery", "url": "https://www.pokeratlas.com/poker-room/wind-creek-casino-hotel-montgomery/tournaments"},
    {"name":"Wind Creek Atmore", "city": "Atmore", "state": "AL", "slug": "wind-creek-atmore", "url": "https://www.pokeratlas.com/poker-room/wind-creek-atmore/tournaments"},

    {"name": "Jack Cleveland Casino", "city": "Cleveland", "state": "OH", "slug": "jack-cleveland-casino", "url": "https://www.pokeratlas.com/poker-room/jack-cleveland-casino/tournaments"},
    {"name": "Jack Cincinnati Casino", "city": "Cincinnati", "state": "OH", "slug": "jack-cincinnati-casino", "url": "https://www.pokeratlas.com/poker-room/jack-cincinnati-casino/tournaments"},
    {"name": "Hollywood Casino Columbus", "city": "Columbus", "state": "OH", "slug": "hollywood-casino-columbus", "url": "https://www.pokeratlas.com/poker-room/hollywood-casino-columbus/tournaments"},
    {"name": "Hollywood Casino Toledo", "city": "Toledo", "state": "OH", "slug": "hollywood-casino-toledo", "url": "https://www.pokeratlas.com/poker-room/hollywood-casino-toledo/tournaments"},
    {"name": "Belterra Park Gaming", "city": "Cincinnati", "state": "OH", "slug": "belterra-park-gaming", "url": "https://www.pokeratlas.com/poker-room/belterra-park-gaming/tournaments"},

    {"name": "Mardi Gras Casino & Resort", "city": "Cross Lanes", "state": "WV", "slug": "mardi-gras-casino-resort", "url": "https://www.pokeratlas.com/poker-room/mardi-gras-casino-resort/tournaments"},
    {"name": "The Greenbrier", "city": "White Sulphur Springs", "state": "WV", "slug": "greenbrier", "url": "https://www.pokeratlas.com/poker-room/greenbrier/tournaments"},
    {"name": "Hollywood Casino at Charles Town Races", "city": "Charles Town", "state": "WV", "slug": "hollywood-casino-charles-town-races", "url": "https://www.pokeratlas.com/poker-room/hollywood-casino-charles-town-races/tournaments"},
    {"name": "Wheeling Island Hotel-Casino-Racetrack", "city": "Wheeling", "state": "WV", "slug": "wheeling-island-hotel-casino-racetrack", "url": "https://www.pokeratlas.com/poker-room/wheeling-island-hotel-casino-racetrack/tournaments"},

    {"name": "The Meadows Casino", "city": "Meadows", "state": "PA", "slug": "meadows-racetrack-casino", "url": "https://www.pokeratlas.com/poker-room/meadows-racetrack-casino/tournaments"},
    {"name": "Rivers Casino Philadelphia", "city": "Philadelphia", "state": "PA", "slug": "rivers-casino-philadelphia", "url": "https://www.pokeratlas.com/poker-room/rivers-casino-philadelphia/tournaments"},
    {"name": "Sands Bethlehem", "city": "Bethlehem", "state": "PA", "slug": "sands-casino-resort-bethlehem", "url": "https://www.pokeratlas.com/poker-room/sands-casino-resort-bethlehem/tournaments"},

    {"name":"Empire City Casino", "city": "Yonkers", "state": "NY", "slug": "empire-city-casino", "url": "https://www.pokeratlas.com/poker-room/empire-city-casino/tournaments"},
    {"name":"Resorts World Catskills", "city": "Monticello", "state": "NY", "slug": "resorts-world-catskills", "url": "https://www.pokeratlas.com/poker-room/resorts-world-catskills/tournaments"},
    {"name":"Tioga Downs Casino Resort", "city": "Nichols", "state": "NY", "slug": "tioga-downs-casino-resort", "url": "https://www.pokeratlas.com/poker-room/tioga-downs-casino-resort/tournaments"},
    {"name":"Point Place Casino", "city": "Bridgeport", "state": "NY", "slug": "point-place-casino", "url": "https://www.pokeratlas.com/poker-room/point-place-casino/tournaments"},
    {"name":"Akwesasne Mohawk Casino Resort", "city": "Akwesasne", "state": "NY", "slug": "akwesasne-mohawk-casino-resort", "url": "https://www.pokeratlas.com/poker-room/akwesasne-mohawk-casino-resort/tournaments"},

    {"name":"Rivers Casino & Resort Schenectady", "city": "Schenectady", "state": "NY", "slug": "rivers-casino-resort-schenectady", "url": "https://www.pokeratlas.com/poker-room/rivers-casino-resort-schenectady/tournaments"},

    {"name": "Tropicana Atlantic City", "city": "Atlantic City", "state": "NJ", "slug": "tropicana-atlantic-city", "url": "https://www.pokeratlas.com/poker-room/tropicana-atlantic-city/tournaments"},
    {"name": "Golden Nugget Atlantic City", "city": "Atlantic City", "state": "NJ", "slug": "golden-nugget-atlantic-city", "url": "https://www.pokeratlas.com/poker-room/golden-nugget-atlantic-city/tournaments"},
    {"name": "Ocean Casino Resort", "city": "Atlantic City", "state": "NJ", "slug": "ocean-casino-resort", "url": "https://www.pokeratlas.com/poker-room/ocean-casino-resort/tournaments"},
    {"name": "Hard Rock Hotel & Casino Atlantic City", "city": "Atlantic City", "state": "NJ", "slug": "hard-rock-hotel-casino-atlantic-city", "url": "https://www.pokeratlas.com/poker-room/hard-rock-hotel-casino-atlantic-city/tournaments"},
    {"name": "Resorts Casino Hotel", "city": "Atlantic City", "state": "NJ", "slug": "resorts-casino-hotel", "url": "https://www.pokeratlas.com/poker-room/resorts-casino-hotel/tournaments"},

    {"name": "Wildhorse Resort & Casino", "city": "Pendleton", "state": "OR", "slug": "wildhorse-resort-casino", "url": "https://www.pokeratlas.com/poker-room/wildhorse-resort-casino/tournaments"},

    {"name": "Ilani Casino Resort", "city": "Ridgefield", "state": "WA", "slug": "ilani-casino-resort", "url": "https://www.pokeratlas.com/poker-room/ilani-casino-resort/tournaments"},
    {"name": "Lucky Eagle Casino", "city": "Rochester", "state": "WA", "slug": "lucky-eagle-casino", "url": "https://www.pokeratlas.com/poker-room/lucky-eagle-casino/tournaments"},
    {"name": "7 Cedars Casino", "city": "Sequim", "state": "WA", "slug": "7-cedars-casino", "url": "https://www.pokeratlas.com/poker-room/7-cedars-casino/tournaments"},
    {"name": "Little Creek Casino Resort", "city": "Shelton", "state": "WA", "slug": "little-creek-casino-resort", "url": "https://www.pokeratlas.com/poker-room/little-creek-casino-resort/tournaments"},
    {"name": "Skagit Valley Casino Resort", "city": "Bow", "state": "WA", "slug": "skagit-valley-casino-resort", "url": "https://www.pokeratlas.com/poker-room/skagit-valley-casino-resort/tournaments"},
    {"name": "Legends Casino Hotel", "city": "Toppenish", "state": "WA", "slug": "legends-casino-hotel", "url": "https://www.pokeratlas.com/poker-room/legends-casino-hotel/tournaments"},
    {"name": "Quinault Beach Resort & Casino", "city": "Ocean Shores", "state": "WA", "slug": "quinault-beach-resort-casino", "url": "https://www.pokeratlas.com/poker-room/quinault-beach-resort-casino/tournaments"},

    {"name": "Harrahs Ak-Chin", "city": "Maricopa", "state": "AZ", "slug": "harrahs-ak-chin", "url": "https://www.pokeratlas.com/poker-room/harrahs-ak-chin/tournaments"},
    {"name": "We-Ko-Pa Casino Resort", "city": "Fort McDowell", "state": "AZ", "slug": "we-ko-pa-casino-resort", "url": "https://www.pokeratlas.com/poker-room/we-ko-pa-casino-resort/tournaments"},
    {"name": "Mazatzal Hotel & Casino", "city": "Payson", "state": "AZ", "slug": "mazatzal-hotel-casino", "url": "https://www.pokeratlas.com/poker-room/mazatzal-hotel-casino/tournaments"},
    {"name": "Cliff Castle Casino Hotel", "city": "Camp Verde", "state": "AZ", "slug": "cliff-castle-casino-hotel", "url": "https://www.pokeratlas.com/poker-room/cliff-castle-casino-hotel/tournaments"},
    {"name": "Desert Diamond Casino West Valley", "city": "Glendale", "state": "AZ", "slug": "desert-diamond-casino-west-valley", "url": "https://www.pokeratlas.com/poker-room/desert-diamond-casino-west-valley/tournaments"},

    {"name": "Windy City Poker Championship", "city": "Des Plaines", "state": "IL", "slug": "windy-city-poker-championship", "url": "https://www.pokeratlas.com/poker-room/windy-city-poker-championship/tournaments"},
    {"name": "Chicagoland Poker", "city": "Des Plaines", "state": "IL", "slug": "chicagoland-poker", "url": "https://www.pokeratlas.com/poker-room/chicagoland-poker/tournaments"},

    {"name": "101 Card Room", "city": "Petaluma", "state": "CA", "slug": "101-card-room", "url": "https://www.pokeratlas.com/poker-room/101-card-room/tournaments"},
    {"name": "Lodi Card Room", "city": "Lodi", "state": "CA", "slug": "lodi-card-room", "url": "https://www.pokeratlas.com/poker-room/lodi-card-room/tournaments"},
    {"name": "Oasis Cardroom", "city": "Oceanside", "state": "CA", "slug": "oasis-cardroom", "url": "https://www.pokeratlas.com/poker-room/oasis-cardroom/tournaments"}
  ]
}
